image_path,num_instances,bounding_boxes
synthetic_data_new/synthetic_image_Oswald-Regular_426x110.png,3,"[(55, 52, 143, 42), (181, 3, 143, 42), (252, 52, 143, 42)]"
synthetic_data_new/synthetic_image_Oswald-Regular_436x82.png,8,"[(206, 45, 124, 37), (17, 0, 124, 37), (213, 3, 124, 37), (72, 42, 124, 37)]"
synthetic_data_new/synthetic_image_Oswald-Regular_460x86.png,5,"[(87, 32, 120, 36), (258, 39, 120, 36), (248, 1, 120, 36)]"
synthetic_data_new/synthetic_image_Oswald-Regular_473x90.png,8,"[(194, 17, 170, 50), (4, 22, 170, 50)]"
synthetic_data_new/synthetic_image_Oswald-Regular_318x85.png,8,"[(103, 32, 147, 44)]"
synthetic_data_new/synthetic_image_Oswald-Regular_381x103.png,3,"[(41, 16, 207, 60)]"
synthetic_data_new/synthetic_image_Oswald-Regular_453x103.png,1,"[(269, 31, 124, 37)]"
synthetic_data_new/synthetic_image_Oswald-Regular_411x113.png,8,"[(7, 53, 175, 51), (233, 25, 175, 51), (52, 1, 175, 51)]"
synthetic_data_new/synthetic_image_Oswald-Regular_361x99.png,8,"[(119, 37, 212, 62)]"
synthetic_data_new/synthetic_image_Oswald-Regular_498x107.png,6,"[(115, 38, 156, 46), (326, 44, 156, 46)]"
synthetic_data_new/synthetic_image_Oswald-Regular_317x82.png,4,"[(111, 18, 198, 58)]"
synthetic_data_new/synthetic_image_Oswald-Regular_350x83.png,8,"[(112, 30, 161, 47)]"
synthetic_data_new/synthetic_image_Oswald-Regular_429x114.png,9,"[(55, 40, 175, 51), (247, 60, 175, 51), (235, 0, 175, 51)]"
synthetic_data_new/synthetic_image_Oswald-Regular_449x86.png,9,"[(112, 20, 193, 57)]"
synthetic_data_new/synthetic_image_Oswald-Regular_321x120.png,7,"[(28, 55, 179, 53), (4, 1, 179, 53)]"
synthetic_data_new/synthetic_image_Oswald-Regular_457x113.png,4,"[(77, 13, 207, 60)]"
synthetic_data_new/synthetic_image_Oswald-Regular_376x112.png,8,"[(132, 37, 120, 36), (45, 74, 120, 36), (7, 34, 120, 36), (249, 0, 120, 36), (256, 43, 120, 36)]"
synthetic_data_new/synthetic_image_Oswald-Regular_412x109.png,4,"[(197, 9, 179, 53), (1, 23, 179, 53)]"
synthetic_data_new/synthetic_image_Oswald-Regular_475x95.png,7,"[(206, 29, 156, 46), (48, 31, 156, 46)]"
synthetic_data_new/synthetic_image_Oswald-Regular_404x81.png,10,"[(224, 23, 161, 47), (6, 4, 161, 47)]"
synthetic_data_new/synthetic_image_Oswald-Regular_322x107.png,3,"[(37, 1, 207, 60)]"
synthetic_data_new/synthetic_image_Oswald-Regular_495x99.png,5,"[(344, 13, 143, 42), (179, 6, 143, 42), (10, 36, 143, 42), (186, 57, 143, 42)]"
synthetic_data_new/synthetic_image_Oswald-Regular_399x91.png,2,"[(178, 32, 152, 45), (14, 37, 152, 45)]"
synthetic_data_new/synthetic_image_Oswald-Regular_370x113.png,10,"[(59, 12, 115, 34), (125, 64, 115, 34), (220, 20, 115, 34), (244, 72, 115, 34), (3, 54, 115, 34)]"
synthetic_data_new/synthetic_image_Oswald-Regular_328x84.png,7,"[(97, 0, 198, 58)]"
synthetic_data_new/synthetic_image_Oswald-Regular_316x113.png,8,"[(7, 38, 129, 38), (163, 48, 129, 38), (140, 4, 129, 38)]"
synthetic_data_new/synthetic_image_Oswald-Regular_500x116.png,1,"[(342, 22, 156, 46)]"
synthetic_data_new/synthetic_image_Oswald-Regular_397x91.png,1,"[(160, 50, 129, 38)]"
synthetic_data_new/synthetic_image_Oswald-Regular_372x111.png,3,"[(224, 63, 120, 36), (210, 16, 120, 36), (32, 50, 120, 36)]"
synthetic_data_new/synthetic_image_Oswald-Regular_454x88.png,8,"[(258, 24, 166, 48), (74, 10, 166, 48)]"
synthetic_data_new/synthetic_image_Oswald-Regular_336x114.png,2,"[(117, 70, 124, 37), (4, 13, 124, 37)]"
synthetic_data_new/synthetic_image_Oswald-Regular_424x113.png,6,"[(119, 46, 193, 57)]"
synthetic_data_new/synthetic_image_Oswald-Regular_320x94.png,6,"[(93, 23, 133, 39)]"
synthetic_data_new/synthetic_image_Oswald-Regular_344x92.png,7,"[(52, 8, 189, 55)]"
synthetic_data_new/synthetic_image_Oswald-Regular_493x103.png,10,"[(182, 30, 207, 60)]"
synthetic_data_new/synthetic_image_Oswald-Regular_416x80.png,4,"[(98, 13, 216, 64)]"
synthetic_data_new/synthetic_image_Oswald-Regular_433x101.png,6,"[(74, 5, 189, 55)]"
synthetic_data_new/synthetic_image_Oswald-Regular_386x93.png,5,"[(10, 40, 152, 45), (200, 34, 152, 45)]"
synthetic_data_new/synthetic_image_Oswald-Regular_341x91.png,10,"[(9, 25, 207, 60)]"
synthetic_data_new/synthetic_image_Oswald-Regular_396x107.png,8,"[(195, 51, 120, 36), (160, 13, 120, 36), (19, 10, 120, 36), (5, 66, 120, 36)]"
synthetic_data_new/synthetic_image_Oswald-Regular_495x116.png,6,"[(275, 26, 156, 46), (79, 1, 156, 46), (46, 53, 156, 46)]"
synthetic_data_new/synthetic_image_Oswald-Regular_435x81.png,10,"[(67, 33, 143, 42), (271, 23, 143, 42)]"
synthetic_data_new/synthetic_image_Oswald-Regular_456x103.png,5,"[(200, 27, 198, 58), (1, 10, 198, 58)]"
synthetic_data_new/synthetic_image_Oswald-Regular_322x117.png,8,"[(50, 16, 212, 62)]"
synthetic_data_new/synthetic_image_Oswald-Regular_333x114.png,8,"[(78, 29, 212, 62)]"
synthetic_data_new/synthetic_image_Oswald-Regular_303x82.png,8,"[(57, 1, 179, 53)]"
synthetic_data_new/synthetic_image_Oswald-Regular_333x106.png,10,"[(88, 26, 170, 50)]"
synthetic_data_new/synthetic_image_Oswald-Regular_402x112.png,5,"[(75, 48, 198, 58)]"
synthetic_data_new/synthetic_image_Oswald-Regular_435x103.png,5,"[(55, 23, 221, 65)]"
synthetic_data_new/synthetic_image_Oswald-Regular_335x113.png,2,"[(128, 47, 184, 54)]"
synthetic_data_new/synthetic_image_Oswald-Regular_390x96.png,2,"[(194, 14, 143, 42), (40, 21, 143, 42)]"
synthetic_data_new/synthetic_image_Oswald-Regular_490x101.png,2,"[(210, 22, 212, 62)]"
synthetic_data_new/synthetic_image_Oswald-Regular_431x100.png,10,"[(31, 0, 110, 33), (286, 32, 110, 33), (154, 65, 110, 33), (12, 67, 110, 33), (152, 14, 110, 33), (276, 67, 110, 33)]"
synthetic_data_new/synthetic_image_Oswald-Regular_493x108.png,8,"[(74, 22, 179, 53), (306, 43, 179, 53)]"
synthetic_data_new/synthetic_image_Oswald-Regular_326x106.png,3,"[(123, 34, 120, 36), (2, 24, 120, 36)]"
synthetic_data_new/synthetic_image_Oswald-Regular_407x111.png,4,"[(244, 19, 152, 45), (15, 13, 152, 45), (24, 60, 152, 45), (196, 66, 152, 45)]"
synthetic_data_new/synthetic_image_Oswald-Regular_348x119.png,2,"[(31, 52, 179, 53)]"
synthetic_data_new/synthetic_image_Oswald-Regular_395x104.png,6,"[(185, 5, 193, 57)]"
synthetic_data_new/synthetic_image_Oswald-Regular_493x86.png,3,"[(66, 26, 202, 59), (277, 18, 202, 59)]"
synthetic_data_new/synthetic_image_Oswald-Regular_431x100.png,5,"[(230, 0, 129, 38), (46, 35, 129, 38), (271, 50, 129, 38)]"
synthetic_data_new/synthetic_image_Oswald-Regular_368x112.png,1,"[(162, 2, 133, 39)]"
synthetic_data_new/synthetic_image_Oswald-Regular_414x95.png,3,"[(22, 7, 207, 60)]"
synthetic_data_new/synthetic_image_Oswald-Regular_488x96.png,8,"[(153, 11, 115, 34), (303, 0, 115, 34), (82, 52, 115, 34), (288, 45, 115, 34), (31, 6, 115, 34)]"
synthetic_data_new/synthetic_image_Oswald-Regular_472x81.png,10,"[(303, 4, 152, 45), (142, 13, 152, 45)]"
synthetic_data_new/synthetic_image_Oswald-Regular_397x102.png,10,"[(190, 9, 202, 59)]"
synthetic_data_new/synthetic_image_Oswald-Regular_455x94.png,10,"[(283, 32, 124, 37), (143, 42, 124, 37), (14, 0, 124, 37), (5, 38, 124, 37), (142, 0, 124, 37)]"
synthetic_data_new/synthetic_image_Oswald-Regular_304x96.png,7,"[(58, 2, 166, 48)]"
synthetic_data_new/synthetic_image_Oswald-Regular_455x80.png,3,"[(187, 22, 179, 53), (0, 6, 179, 53)]"
synthetic_data_new/synthetic_image_Oswald-Regular_443x112.png,2,"[(210, 50, 189, 55), (11, 7, 189, 55)]"
synthetic_data_new/synthetic_image_Oswald-Regular_309x92.png,1,"[(82, 26, 198, 58)]"
synthetic_data_new/synthetic_image_Oswald-Regular_484x92.png,10,"[(148, 10, 156, 46), (320, 34, 156, 46)]"
synthetic_data_new/synthetic_image_Oswald-Regular_355x82.png,5,"[(25, 34, 133, 39), (206, 10, 133, 39)]"
synthetic_data_new/synthetic_image_Oswald-Regular_324x82.png,1,"[(56, 30, 161, 47)]"
synthetic_data_new/synthetic_image_Oswald-Regular_378x110.png,6,"[(20, 44, 216, 64)]"
synthetic_data_new/synthetic_image_Oswald-Regular_330x91.png,4,"[(15, 14, 216, 64)]"
synthetic_data_new/synthetic_image_Oswald-Regular_400x106.png,6,"[(51, 20, 129, 38), (234, 15, 129, 38), (16, 67, 129, 38), (207, 56, 129, 38)]"
synthetic_data_new/synthetic_image_Oswald-Regular_315x84.png,10,"[(135, 13, 170, 50)]"
synthetic_data_new/synthetic_image_Oswald-Regular_301x114.png,7,"[(32, 48, 170, 50)]"
synthetic_data_new/synthetic_image_Oswald-Regular_353x84.png,6,"[(65, 14, 216, 64)]"
synthetic_data_new/synthetic_image_Oswald-Regular_328x90.png,4,"[(79, 24, 184, 54)]"
synthetic_data_new/synthetic_image_Oswald-Regular_498x111.png,9,"[(226, 31, 147, 44), (11, 14, 147, 44), (21, 62, 147, 44)]"
synthetic_data_new/synthetic_image_Oswald-Regular_407x93.png,5,"[(175, 22, 189, 55)]"
synthetic_data_new/synthetic_image_Oswald-Regular_458x109.png,5,"[(94, 62, 156, 46), (221, 14, 156, 46), (64, 10, 156, 46), (292, 62, 156, 46)]"
synthetic_data_new/synthetic_image_Oswald-Regular_475x86.png,1,"[(230, 2, 170, 50)]"
synthetic_data_new/synthetic_image_Oswald-Regular_402x94.png,5,"[(52, 24, 133, 39), (269, 51, 133, 39), (214, 0, 133, 39)]"
synthetic_data_new/synthetic_image_Oswald-Regular_358x102.png,8,"[(106, 41, 161, 47)]"
synthetic_data_new/synthetic_image_Oswald-Regular_458x116.png,3,"[(194, 23, 175, 51), (2, 25, 175, 51)]"
synthetic_data_new/synthetic_image_Oswald-Regular_339x112.png,6,"[(55, 36, 198, 58)]"
synthetic_data_new/synthetic_image_Oswald-Regular_407x113.png,7,"[(81, 37, 175, 51)]"
synthetic_data_new/synthetic_image_Oswald-Regular_389x101.png,3,"[(138, 41, 129, 38), (3, 13, 129, 38), (8, 59, 129, 38)]"
synthetic_data_new/synthetic_image_Oswald-Regular_365x119.png,7,"[(92, 6, 212, 62)]"
synthetic_data_new/synthetic_image_Oswald-Regular_429x81.png,4,"[(94, 20, 202, 59)]"
synthetic_data_new/synthetic_image_Oswald-Regular_373x94.png,1,"[(84, 34, 110, 33)]"
synthetic_data_new/synthetic_image_Oswald-Regular_354x118.png,8,"[(26, 35, 170, 50)]"
synthetic_data_new/synthetic_image_Oswald-Regular_362x84.png,10,"[(151, 31, 138, 40), (6, 34, 138, 40)]"
synthetic_data_new/synthetic_image_Oswald-Regular_408x89.png,10,"[(173, 7, 202, 59)]"
synthetic_data_new/synthetic_image_Oswald-Regular_417x112.png,1,"[(241, 3, 175, 51)]"
synthetic_data_new/synthetic_image_Oswald-Regular_343x98.png,10,"[(68, 35, 184, 54)]"
synthetic_data_new/synthetic_image_Oswald-Regular_362x118.png,2,"[(83, 50, 202, 59)]"
synthetic_data_new/synthetic_image_Oswald-Regular_376x111.png,8,"[(151, 25, 216, 64)]"
synthetic_data_new/synthetic_image_Roboto-Regular_428x118.png,4,"[(88, 31, 240, 46)]"
synthetic_data_new/synthetic_image_Roboto-Regular_370x94.png,8,"[(137, 60, 156, 30), (6, 27, 156, 30), (206, 6, 156, 30)]"
synthetic_data_new/synthetic_image_Roboto-Regular_454x103.png,3,"[(112, 11, 257, 50)]"
synthetic_data_new/synthetic_image_Roboto-Regular_409x94.png,3,"[(29, 13, 251, 48)]"
synthetic_data_new/synthetic_image_Roboto-Regular_356x89.png,9,"[(3, 1, 246, 47)]"
synthetic_data_new/synthetic_image_Roboto-Regular_427x100.png,9,"[(63, 36, 190, 37)]"
synthetic_data_new/synthetic_image_Roboto-Regular_319x80.png,2,"[(153, 31, 162, 31)]"
synthetic_data_new/synthetic_image_Roboto-Regular_370x96.png,7,"[(106, 33, 251, 48)]"
synthetic_data_new/synthetic_image_Roboto-Regular_434x107.png,8,"[(19, 27, 151, 30), (86, 68, 151, 30), (176, 27, 151, 30), (270, 74, 151, 30)]"
synthetic_data_new/synthetic_image_Roboto-Regular_453x104.png,2,"[(165, 37, 196, 38)]"
synthetic_data_new/synthetic_image_Roboto-Regular_321x94.png,3,"[(84, 20, 229, 45)]"
synthetic_data_new/synthetic_image_Roboto-Regular_394x119.png,2,"[(17, 3, 207, 40), (9, 74, 207, 40)]"
synthetic_data_new/synthetic_image_Roboto-Regular_315x99.png,7,"[(62, 16, 235, 45)]"
synthetic_data_new/synthetic_image_Roboto-Regular_453x120.png,8,"[(36, 55, 207, 40), (67, 8, 207, 40), (246, 62, 207, 40)]"
synthetic_data_new/synthetic_image_Roboto-Regular_419x80.png,3,"[(142, 0, 223, 44)]"
synthetic_data_new/synthetic_image_Roboto-Regular_389x100.png,6,"[(193, 34, 184, 36), (1, 27, 184, 36)]"
synthetic_data_new/synthetic_image_Roboto-Regular_425x89.png,10,"[(43, 39, 246, 47)]"
synthetic_data_new/synthetic_image_Roboto-Regular_483x101.png,3,"[(173, 36, 257, 50)]"
synthetic_data_new/synthetic_image_Roboto-Regular_391x99.png,7,"[(110, 21, 140, 28), (217, 61, 140, 28), (251, 16, 140, 28), (43, 65, 140, 28)]"
synthetic_data_new/synthetic_image_Roboto-Regular_326x108.png,10,"[(8, 43, 263, 51)]"
synthetic_data_new/synthetic_image_Roboto-Regular_309x119.png,2,"[(53, 76, 140, 28), (65, 21, 140, 28)]"
synthetic_data_new/synthetic_image_Roboto-Regular_327x88.png,3,"[(43, 32, 179, 35)]"
synthetic_data_new/synthetic_image_Roboto-Regular_397x105.png,1,"[(46, 29, 190, 37)]"
synthetic_data_new/synthetic_image_Roboto-Regular_388x96.png,4,"[(67, 30, 257, 50)]"
synthetic_data_new/synthetic_image_Roboto-Regular_336x109.png,3,"[(6, 58, 156, 30), (103, 15, 156, 30), (168, 54, 156, 30)]"
synthetic_data_new/synthetic_image_Roboto-Regular_369x119.png,9,"[(118, 17, 229, 45), (105, 72, 229, 45)]"
synthetic_data_new/synthetic_image_Roboto-Regular_304x112.png,3,"[(16, 40, 268, 52)]"
synthetic_data_new/synthetic_image_Roboto-Regular_343x119.png,7,"[(27, 39, 263, 51)]"
synthetic_data_new/synthetic_image_Roboto-Regular_309x91.png,9,"[(107, 51, 134, 26), (139, 5, 134, 26), (2, 3, 134, 26)]"
synthetic_data_new/synthetic_image_Roboto-Regular_449x80.png,10,"[(205, 34, 201, 39), (1, 8, 201, 39)]"
synthetic_data_new/synthetic_image_Roboto-Regular_498x83.png,4,"[(202, 12, 156, 30), (38, 29, 156, 30), (319, 52, 156, 30)]"
synthetic_data_new/synthetic_image_Roboto-Regular_362x104.png,5,"[(49, 8, 218, 43), (35, 56, 218, 43)]"
synthetic_data_new/synthetic_image_Roboto-Regular_453x80.png,7,"[(38, 6, 134, 26), (92, 54, 134, 26), (203, 16, 134, 26), (239, 47, 134, 26)]"
synthetic_data_new/synthetic_image_Roboto-Regular_379x120.png,9,"[(23, 39, 257, 50)]"
synthetic_data_new/synthetic_image_Roboto-Regular_407x106.png,5,"[(226, 17, 151, 30), (99, 52, 151, 30), (6, 15, 151, 30)]"
synthetic_data_new/synthetic_image_Roboto-Regular_362x100.png,1,"[(70, 25, 268, 52)]"
synthetic_data_new/synthetic_image_Roboto-Regular_486x101.png,7,"[(39, 64, 140, 28), (181, 18, 140, 28), (285, 73, 140, 28), (4, 34, 140, 28), (328, 15, 140, 28), (32, 0, 140, 28)]"
synthetic_data_new/synthetic_image_Roboto-Regular_328x100.png,10,"[(3, 30, 218, 43)]"
synthetic_data_new/synthetic_image_Roboto-Regular_472x111.png,8,"[(183, 69, 162, 31), (38, 20, 162, 31), (305, 37, 162, 31), (256, 3, 162, 31), (9, 61, 162, 31)]"
synthetic_data_new/synthetic_image_Roboto-Regular_380x120.png,9,"[(110, 47, 229, 45), (76, 0, 229, 45)]"
synthetic_data_new/synthetic_image_Roboto-Regular_477x92.png,5,"[(19, 13, 140, 28), (203, 54, 140, 28), (311, 5, 140, 28), (1, 42, 140, 28), (165, 3, 140, 28)]"
synthetic_data_new/synthetic_image_Roboto-Regular_325x109.png,4,"[(105, 30, 151, 30), (41, 68, 151, 30)]"
synthetic_data_new/synthetic_image_Roboto-Regular_479x116.png,8,"[(61, 10, 218, 43), (69, 54, 218, 43)]"
synthetic_data_new/synthetic_image_Roboto-Regular_422x104.png,7,"[(19, 5, 156, 30), (178, 19, 156, 30), (26, 71, 156, 30), (206, 65, 156, 30), (19, 37, 156, 30)]"
synthetic_data_new/synthetic_image_Roboto-Regular_433x88.png,10,"[(36, 21, 240, 46)]"
synthetic_data_new/synthetic_image_Roboto-Regular_461x105.png,4,"[(213, 49, 218, 43), (126, 4, 218, 43)]"
synthetic_data_new/synthetic_image_Roboto-Regular_409x100.png,3,"[(188, 16, 179, 35), (148, 58, 179, 35), (1, 3, 179, 35)]"
synthetic_data_new/synthetic_image_Roboto-Regular_446x100.png,5,"[(27, 38, 263, 51)]"
synthetic_data_new/synthetic_image_Roboto-Regular_367x86.png,6,"[(135, 23, 179, 35)]"
synthetic_data_new/synthetic_image_Roboto-Regular_363x88.png,10,"[(110, 45, 196, 38), (152, 2, 196, 38)]"
synthetic_data_new/synthetic_image_Roboto-Regular_339x118.png,7,"[(2, 67, 145, 29), (86, 33, 145, 29), (184, 2, 145, 29), (172, 66, 145, 29), (20, 0, 145, 29)]"
synthetic_data_new/synthetic_image_Roboto-Regular_372x116.png,7,"[(159, 65, 212, 41), (148, 16, 212, 41)]"
synthetic_data_new/synthetic_image_Roboto-Regular_335x118.png,4,"[(122, 11, 212, 41), (65, 75, 212, 41)]"
synthetic_data_new/synthetic_image_Roboto-Regular_328x85.png,7,"[(89, 19, 235, 45)]"
synthetic_data_new/synthetic_image_Roboto-Regular_500x80.png,8,"[(288, 8, 207, 40), (14, 5, 207, 40)]"
synthetic_data_new/synthetic_image_Roboto-Regular_420x120.png,5,"[(58, 42, 184, 36), (162, 79, 184, 36), (235, 0, 184, 36), (38, 0, 184, 36)]"
synthetic_data_new/synthetic_image_Roboto-Regular_326x104.png,9,"[(24, 27, 151, 30), (95, 72, 151, 30)]"
synthetic_data_new/synthetic_image_Roboto-Regular_482x103.png,8,"[(79, 36, 207, 40)]"
synthetic_data_new/synthetic_image_Roboto-Regular_499x111.png,8,"[(152, 15, 207, 40), (7, 68, 207, 40), (278, 57, 207, 40)]"
synthetic_data_new/synthetic_image_Roboto-Regular_346x80.png,8,"[(148, 22, 162, 31)]"
synthetic_data_new/synthetic_image_Roboto-Regular_344x107.png,8,"[(104, 60, 184, 36), (70, 6, 184, 36)]"
synthetic_data_new/synthetic_image_Roboto-Regular_385x113.png,4,"[(36, 68, 235, 45), (102, 7, 235, 45)]"
synthetic_data_new/synthetic_image_Roboto-Regular_441x117.png,7,"[(168, 3, 268, 52), (57, 58, 268, 52)]"
synthetic_data_new/synthetic_image_Roboto-Regular_423x90.png,1,"[(35, 32, 179, 35)]"
synthetic_data_new/synthetic_image_Roboto-Regular_336x98.png,6,"[(0, 48, 257, 50)]"
synthetic_data_new/synthetic_image_Roboto-Regular_454x99.png,4,"[(220, 11, 207, 40), (141, 55, 207, 40), (3, 2, 207, 40)]"
synthetic_data_new/synthetic_image_Roboto-Regular_494x113.png,4,"[(16, 50, 257, 50)]"
synthetic_data_new/synthetic_image_Roboto-Regular_315x106.png,1,"[(62, 0, 168, 32)]"
synthetic_data_new/synthetic_image_Roboto-Regular_330x83.png,7,"[(32, 48, 134, 26), (19, 7, 134, 26), (192, 43, 134, 26), (189, 8, 134, 26)]"
synthetic_data_new/synthetic_image_Roboto-Regular_362x110.png,10,"[(80, 26, 196, 38), (95, 71, 196, 38)]"
synthetic_data_new/synthetic_image_Roboto-Regular_320x80.png,5,"[(10, 26, 173, 33)]"
synthetic_data_new/synthetic_image_Roboto-Regular_324x112.png,3,"[(100, 53, 173, 33), (8, 11, 173, 33)]"
synthetic_data_new/synthetic_image_Roboto-Regular_300x86.png,9,"[(79, 21, 201, 39)]"
synthetic_data_new/synthetic_image_Roboto-Regular_388x116.png,10,"[(64, 74, 184, 36), (82, 1, 184, 36)]"
synthetic_data_new/synthetic_image_Roboto-Regular_447x96.png,5,"[(183, 11, 162, 31), (14, 45, 162, 31), (199, 61, 162, 31), (6, 12, 162, 31)]"
synthetic_data_new/synthetic_image_Roboto-Regular_325x117.png,9,"[(13, 6, 268, 52), (57, 63, 268, 52)]"
synthetic_data_new/synthetic_image_Roboto-Regular_466x81.png,4,"[(118, 36, 156, 30), (29, 2, 156, 30), (283, 46, 156, 30), (273, 0, 156, 30)]"
synthetic_data_new/synthetic_image_Roboto-Regular_361x90.png,8,"[(1, 29, 263, 51)]"
synthetic_data_new/synthetic_image_Roboto-Regular_464x91.png,1,"[(8, 37, 201, 39)]"
synthetic_data_new/synthetic_image_Roboto-Regular_408x96.png,7,"[(7, 48, 223, 44), (52, 2, 223, 44)]"
synthetic_data_new/synthetic_image_Roboto-Regular_369x103.png,7,"[(128, 25, 201, 39)]"
synthetic_data_new/synthetic_image_Roboto-Regular_397x80.png,2,"[(72, 35, 134, 26), (210, 24, 134, 26)]"
synthetic_data_new/synthetic_image_Roboto-Regular_371x108.png,2,"[(84, 1, 151, 30), (138, 60, 151, 30)]"
synthetic_data_new/synthetic_image_Roboto-Regular_498x99.png,10,"[(293, 61, 151, 30), (81, 43, 151, 30), (174, 1, 151, 30), (327, 4, 151, 30), (9, 10, 151, 30)]"
synthetic_data_new/synthetic_image_Roboto-Regular_446x87.png,10,"[(196, 18, 201, 39)]"
synthetic_data_new/synthetic_image_Roboto-Regular_464x98.png,10,"[(174, 31, 240, 46)]"
synthetic_data_new/synthetic_image_Roboto-Regular_328x108.png,5,"[(127, 17, 196, 38), (6, 63, 196, 38)]"
synthetic_data_new/synthetic_image_Roboto-Regular_343x107.png,9,"[(167, 14, 156, 30), (74, 58, 156, 30), (5, 9, 156, 30)]"
synthetic_data_new/synthetic_image_Roboto-Regular_362x111.png,1,"[(6, 18, 251, 48)]"
synthetic_data_new/synthetic_image_Roboto-Regular_328x118.png,6,"[(153, 61, 145, 29), (151, 3, 145, 29), (5, 11, 145, 29), (1, 74, 145, 29)]"
synthetic_data_new/synthetic_image_Roboto-Regular_444x115.png,8,"[(89, 18, 268, 52)]"
synthetic_data_new/synthetic_image_Roboto-Regular_400x108.png,4,"[(188, 21, 151, 30), (136, 55, 151, 30), (26, 17, 151, 30)]"
synthetic_data_new/synthetic_image_Roboto-Regular_404x91.png,6,"[(58, 12, 196, 38), (110, 52, 196, 38)]"
synthetic_data_new/synthetic_image_Roboto-Regular_410x95.png,1,"[(19, 20, 162, 31)]"
synthetic_data_new/synthetic_image_Roboto-Regular_446x86.png,1,"[(16, 17, 184, 36)]"
synthetic_data_new/synthetic_image_Roboto-Regular_476x108.png,8,"[(65, 27, 268, 52)]"
synthetic_data_new/synthetic_image_Roboto-Regular_474x101.png,4,"[(116, 59, 179, 35), (94, 2, 179, 35), (286, 14, 179, 35)]"
synthetic_data_new/synthetic_image_Roboto-Regular_387x101.png,10,"[(6, 36, 162, 31), (193, 42, 162, 31), (159, 1, 162, 31), (12, 69, 162, 31)]"
synthetic_data_new/synthetic_image_Roboto-Regular_489x111.png,5,"[(142, 1, 251, 48), (218, 63, 251, 48)]"
synthetic_data_new/synthetic_image_Roboto-Regular_473x81.png,6,"[(126, 0, 246, 47)]"
synthetic_data_new/synthetic_image_OpenSans-Regular_425x90.png,10,"[(1, 20, 204, 55), (218, 29, 204, 55)]"
synthetic_data_new/synthetic_image_OpenSans-Regular_404x80.png,7,"[(94, 21, 136, 37), (248, 6, 136, 37)]"
synthetic_data_new/synthetic_image_OpenSans-Regular_401x84.png,1,"[(149, 12, 136, 37)]"
synthetic_data_new/synthetic_image_OpenSans-Regular_471x114.png,6,"[(126, 18, 159, 43), (272, 69, 159, 43), (64, 64, 159, 43), (306, 21, 159, 43)]"
synthetic_data_new/synthetic_image_OpenSans-Regular_300x117.png,2,"[(79, 34, 195, 51)]"
synthetic_data_new/synthetic_image_OpenSans-Regular_314x105.png,5,"[(57, 21, 214, 57)]"
synthetic_data_new/synthetic_image_OpenSans-Regular_377x103.png,6,"[(81, 31, 177, 48)]"
synthetic_data_new/synthetic_image_OpenSans-Regular_433x91.png,3,"[(69, 41, 132, 35), (202, 2, 132, 35), (281, 44, 132, 35)]"
synthetic_data_new/synthetic_image_OpenSans-Regular_375x93.png,6,"[(137, 60, 123, 33), (119, 2, 123, 33), (7, 49, 123, 33), (244, 6, 123, 33)]"
synthetic_data_new/synthetic_image_OpenSans-Regular_441x120.png,2,"[(109, 41, 186, 49)]"
synthetic_data_new/synthetic_image_OpenSans-Regular_462x117.png,6,"[(116, 66, 127, 34), (256, 6, 127, 34), (277, 73, 127, 34), (33, 23, 127, 34)]"
synthetic_data_new/synthetic_image_OpenSans-Regular_496x99.png,2,"[(0, 13, 118, 31), (277, 31, 118, 31)]"
synthetic_data_new/synthetic_image_OpenSans-Regular_429x92.png,1,"[(92, 35, 195, 51)]"
synthetic_data_new/synthetic_image_OpenSans-Regular_432x117.png,6,"[(258, 66, 109, 29), (61, 36, 109, 29), (112, 82, 109, 29), (319, 0, 109, 29), (193, 9, 109, 29), (80, 2, 109, 29)]"
synthetic_data_new/synthetic_image_OpenSans-Regular_319x106.png,2,"[(181, 53, 136, 37), (81, 15, 136, 37)]"
synthetic_data_new/synthetic_image_OpenSans-Regular_303x96.png,7,"[(155, 39, 132, 35), (93, 1, 132, 35), (21, 57, 132, 35)]"
synthetic_data_new/synthetic_image_OpenSans-Regular_500x119.png,3,"[(130, 53, 118, 31), (280, 27, 118, 31), (158, 4, 118, 31)]"
synthetic_data_new/synthetic_image_OpenSans-Regular_442x120.png,6,"[(80, 16, 118, 31), (292, 54, 118, 31), (192, 86, 118, 31), (232, 0, 118, 31), (76, 54, 118, 31)]"
synthetic_data_new/synthetic_image_OpenSans-Regular_331x108.png,10,"[(18, 15, 186, 49)]"
synthetic_data_new/synthetic_image_OpenSans-Regular_381x106.png,4,"[(86, 35, 150, 40)]"
synthetic_data_new/synthetic_image_OpenSans-Regular_411x117.png,5,"[(203, 62, 109, 29), (35, 1, 109, 29), (235, 18, 109, 29), (1, 67, 109, 29), (58, 35, 109, 29)]"
synthetic_data_new/synthetic_image_OpenSans-Regular_403x101.png,10,"[(278, 61, 114, 30), (57, 19, 114, 30), (244, 3, 114, 30), (58, 60, 114, 30)]"
synthetic_data_new/synthetic_image_OpenSans-Regular_336x91.png,5,"[(90, 27, 214, 57)]"
synthetic_data_new/synthetic_image_OpenSans-Regular_380x82.png,9,"[(161, 7, 200, 54)]"
synthetic_data_new/synthetic_image_OpenSans-Regular_467x119.png,4,"[(70, 81, 127, 34), (41, 38, 127, 34), (193, 25, 127, 34), (261, 80, 127, 34)]"
synthetic_data_new/synthetic_image_OpenSans-Regular_421x94.png,4,"[(123, 11, 177, 48)]"
synthetic_data_new/synthetic_image_OpenSans-Regular_310x103.png,9,"[(114, 23, 123, 33), (104, 58, 123, 33)]"
synthetic_data_new/synthetic_image_OpenSans-Regular_367x119.png,10,"[(191, 5, 173, 46), (49, 62, 173, 46), (3, 2, 173, 46)]"
synthetic_data_new/synthetic_image_OpenSans-Regular_398x116.png,2,"[(187, 31, 200, 54)]"
synthetic_data_new/synthetic_image_OpenSans-Regular_458x120.png,7,"[(0, 85, 118, 31), (239, 78, 118, 31), (6, 52, 118, 31), (120, 5, 118, 31), (228, 43, 118, 31), (258, 6, 118, 31)]"
synthetic_data_new/synthetic_image_OpenSans-Regular_390x82.png,7,"[(77, 14, 173, 46)]"
synthetic_data_new/synthetic_image_OpenSans-Regular_437x99.png,5,"[(202, 14, 177, 48), (15, 41, 177, 48)]"
synthetic_data_new/synthetic_image_OpenSans-Regular_319x120.png,8,"[(54, 38, 182, 48)]"
synthetic_data_new/synthetic_image_OpenSans-Regular_461x110.png,4,"[(63, 67, 114, 30), (279, 8, 114, 30), (306, 58, 114, 30), (45, 12, 114, 30)]"
synthetic_data_new/synthetic_image_OpenSans-Regular_434x117.png,5,"[(205, 49, 214, 57)]"
synthetic_data_new/synthetic_image_OpenSans-Regular_433x102.png,8,"[(240, 7, 168, 45), (215, 56, 168, 45), (39, 26, 168, 45)]"
synthetic_data_new/synthetic_image_OpenSans-Regular_417x104.png,6,"[(84, 30, 204, 55)]"
synthetic_data_new/synthetic_image_OpenSans-Regular_366x96.png,2,"[(112, 3, 191, 50)]"
synthetic_data_new/synthetic_image_OpenSans-Regular_306x102.png,5,"[(45, 13, 136, 37), (138, 59, 136, 37), (0, 58, 136, 37)]"
synthetic_data_new/synthetic_image_OpenSans-Regular_376x83.png,5,"[(158, 6, 159, 43)]"
synthetic_data_new/synthetic_image_OpenSans-Regular_309x117.png,8,"[(35, 19, 195, 51)]"
synthetic_data_new/synthetic_image_OpenSans-Regular_467x112.png,10,"[(289, 0, 145, 39), (77, 50, 145, 39), (322, 53, 145, 39), (118, 10, 145, 39)]"
synthetic_data_new/synthetic_image_OpenSans-Regular_335x99.png,5,"[(47, 57, 136, 37), (119, 12, 136, 37), (197, 51, 136, 37)]"
synthetic_data_new/synthetic_image_OpenSans-Regular_362x83.png,4,"[(43, 23, 168, 45)]"
synthetic_data_new/synthetic_image_OpenSans-Regular_417x106.png,3,"[(142, 29, 218, 59)]"
synthetic_data_new/synthetic_image_OpenSans-Regular_314x101.png,10,"[(95, 44, 141, 39), (101, 3, 141, 39)]"
synthetic_data_new/synthetic_image_OpenSans-Regular_393x83.png,7,"[(175, 10, 195, 51)]"
synthetic_data_new/synthetic_image_OpenSans-Regular_319x83.png,7,"[(116, 10, 132, 35), (39, 47, 132, 35), (176, 46, 132, 35)]"
synthetic_data_new/synthetic_image_OpenSans-Regular_477x88.png,7,"[(79, 1, 159, 43), (274, 29, 159, 43), (85, 45, 159, 43)]"
synthetic_data_new/synthetic_image_OpenSans-Regular_384x104.png,7,"[(145, 0, 154, 41), (157, 43, 154, 41), (2, 50, 154, 41)]"
synthetic_data_new/synthetic_image_OpenSans-Regular_420x114.png,3,"[(171, 11, 114, 30), (4, 76, 114, 30), (294, 74, 114, 30)]"
synthetic_data_new/synthetic_image_OpenSans-Regular_377x89.png,2,"[(182, 20, 191, 50)]"
synthetic_data_new/synthetic_image_OpenSans-Regular_366x90.png,3,"[(191, 14, 118, 31), (111, 53, 118, 31), (233, 59, 118, 31)]"
synthetic_data_new/synthetic_image_OpenSans-Regular_431x97.png,9,"[(148, 0, 218, 59)]"
synthetic_data_new/synthetic_image_OpenSans-Regular_345x92.png,1,"[(185, 45, 132, 35)]"
synthetic_data_new/synthetic_image_OpenSans-Regular_456x117.png,8,"[(32, 58, 218, 59)]"
synthetic_data_new/synthetic_image_OpenSans-Regular_463x116.png,4,"[(45, 18, 200, 54), (258, 14, 200, 54)]"
synthetic_data_new/synthetic_image_OpenSans-Regular_382x112.png,8,"[(136, 7, 182, 48), (195, 58, 182, 48), (10, 60, 182, 48)]"
synthetic_data_new/synthetic_image_OpenSans-Regular_311x104.png,4,"[(168, 23, 123, 33), (159, 59, 123, 33), (14, 34, 123, 33), (38, 0, 123, 33)]"
synthetic_data_new/synthetic_image_OpenSans-Regular_491x88.png,5,"[(200, 27, 114, 30), (83, 20, 114, 30), (327, 12, 114, 30), (334, 46, 114, 30), (82, 55, 114, 30)]"
synthetic_data_new/synthetic_image_OpenSans-Regular_359x108.png,2,"[(38, 28, 195, 51)]"
synthetic_data_new/synthetic_image_OpenSans-Regular_451x98.png,3,"[(283, 6, 159, 43), (78, 7, 159, 43), (186, 54, 159, 43)]"
synthetic_data_new/synthetic_image_OpenSans-Regular_432x105.png,3,"[(263, 49, 136, 37), (87, 34, 136, 37), (240, 8, 136, 37)]"
synthetic_data_new/synthetic_image_OpenSans-Regular_344x95.png,1,"[(42, 42, 109, 29)]"
synthetic_data_new/synthetic_image_OpenSans-Regular_349x83.png,10,"[(167, 23, 177, 48)]"
synthetic_data_new/synthetic_image_OpenSans-Regular_401x81.png,3,"[(39, 11, 209, 56)]"
synthetic_data_new/synthetic_image_OpenSans-Regular_344x113.png,9,"[(138, 8, 173, 46), (114, 59, 173, 46)]"
synthetic_data_new/synthetic_image_OpenSans-Regular_427x106.png,10,"[(43, 0, 214, 57)]"
synthetic_data_new/synthetic_image_OpenSans-Regular_468x92.png,3,"[(6, 22, 127, 34), (312, 5, 127, 34), (276, 56, 127, 34)]"
synthetic_data_new/synthetic_image_OpenSans-Regular_382x113.png,2,"[(142, 61, 141, 39), (106, 12, 141, 39)]"
synthetic_data_new/synthetic_image_OpenSans-Regular_470x118.png,9,"[(130, 54, 204, 55)]"
synthetic_data_new/synthetic_image_OpenSans-Regular_359x107.png,5,"[(62, 31, 209, 56)]"
synthetic_data_new/synthetic_image_OpenSans-Regular_326x95.png,6,"[(153, 14, 123, 33), (29, 29, 123, 33), (191, 54, 123, 33)]"
synthetic_data_new/synthetic_image_OpenSans-Regular_384x116.png,1,"[(20, 57, 164, 44)]"
synthetic_data_new/synthetic_image_OpenSans-Regular_328x100.png,3,"[(38, 31, 118, 31), (98, 68, 118, 31), (206, 6, 118, 31)]"
synthetic_data_new/synthetic_image_OpenSans-Regular_479x113.png,9,"[(135, 30, 177, 48)]"
synthetic_data_new/synthetic_image_OpenSans-Regular_357x90.png,8,"[(131, 29, 109, 29), (18, 12, 109, 29), (160, 59, 109, 29), (5, 53, 109, 29), (243, 9, 109, 29)]"
synthetic_data_new/synthetic_image_OpenSans-Regular_500x80.png,7,"[(46, 1, 195, 51), (296, 23, 195, 51)]"
synthetic_data_new/synthetic_image_OpenSans-Regular_457x111.png,2,"[(202, 32, 164, 44), (35, 35, 164, 44)]"
synthetic_data_new/synthetic_image_OpenSans-Regular_386x109.png,2,"[(150, 22, 209, 56)]"
synthetic_data_new/synthetic_image_OpenSans-Regular_422x119.png,4,"[(205, 61, 114, 30), (64, 88, 114, 30), (305, 11, 114, 30), (55, 16, 114, 30)]"
synthetic_data_new/synthetic_image_OpenSans-Regular_476x111.png,7,"[(274, 21, 168, 45), (43, 33, 168, 45)]"
synthetic_data_new/synthetic_image_OpenSans-Regular_498x117.png,5,"[(42, 5, 164, 44), (300, 59, 164, 44), (316, 2, 164, 44), (110, 61, 164, 44)]"
synthetic_data_new/synthetic_image_OpenSans-Regular_469x80.png,1,"[(120, 16, 127, 34)]"
synthetic_data_new/synthetic_image_OpenSans-Regular_351x99.png,2,"[(41, 35, 191, 50)]"
synthetic_data_new/synthetic_image_OpenSans-Regular_346x86.png,2,"[(139, 28, 182, 48)]"
synthetic_data_new/synthetic_image_OpenSans-Regular_338x92.png,6,"[(108, 27, 145, 39)]"
synthetic_data_new/synthetic_image_OpenSans-Regular_436x88.png,5,"[(62, 21, 136, 37), (228, 24, 136, 37)]"
synthetic_data_new/synthetic_image_OpenSans-Regular_305x115.png,9,"[(128, 21, 141, 39), (8, 76, 141, 39), (153, 62, 141, 39)]"
synthetic_data_new/synthetic_image_OpenSans-Regular_419x110.png,4,"[(85, 52, 141, 39), (265, 63, 141, 39), (117, 5, 141, 39), (260, 13, 141, 39)]"
synthetic_data_new/synthetic_image_OpenSans-Regular_319x120.png,5,"[(52, 31, 195, 51)]"
synthetic_data_new/synthetic_image_OpenSans-Regular_380x108.png,2,"[(71, 17, 209, 56)]"
synthetic_data_new/synthetic_image_OpenSans-Regular_372x93.png,10,"[(118, 48, 123, 33), (49, 8, 123, 33), (202, 3, 123, 33), (242, 39, 123, 33)]"
synthetic_data_new/synthetic_image_OpenSans-Regular_301x91.png,5,"[(173, 12, 127, 34), (26, 42, 127, 34), (1, 3, 127, 34), (163, 53, 127, 34)]"
synthetic_data_new/synthetic_image_OpenSans-Regular_308x107.png,4,"[(3, 6, 204, 55)]"
synthetic_data_new/synthetic_image_OpenSans-Regular_360x95.png,10,"[(23, 48, 118, 31), (172, 63, 118, 31), (16, 11, 118, 31), (218, 5, 118, 31)]"
synthetic_data_new/synthetic_image_OpenSans-Regular_308x91.png,10,"[(179, 54, 118, 31), (125, 9, 118, 31), (36, 57, 118, 31), (2, 25, 118, 31)]"
synthetic_data_new/synthetic_image_OpenSans-Regular_313x82.png,8,"[(99, 23, 195, 51)]"
synthetic_data_new/synthetic_image_OpenSans-Regular_383x83.png,5,"[(23, 30, 168, 45), (215, 3, 168, 45)]"
synthetic_data_new/synthetic_image_OpenSans-Regular_405x118.png,6,"[(148, 26, 141, 39), (21, 76, 141, 39), (4, 28, 141, 39), (200, 68, 141, 39)]"
synthetic_data_new/synthetic_image_Ubuntu-Regular_312x103.png,4,"[(103, 65, 195, 36), (31, 26, 195, 36)]"
synthetic_data_new/synthetic_image_Ubuntu-Regular_482x115.png,8,"[(301, 77, 142, 27), (85, 12, 142, 27), (114, 47, 142, 27), (141, 79, 142, 27), (273, 49, 142, 27), (299, 17, 142, 27)]"
synthetic_data_new/synthetic_image_Ubuntu-Regular_461x97.png,9,"[(127, 14, 277, 51)]"
synthetic_data_new/synthetic_image_Ubuntu-Regular_319x93.png,5,"[(25, 5, 230, 43), (30, 50, 230, 43)]"
synthetic_data_new/synthetic_image_Ubuntu-Regular_452x114.png,3,"[(38, 30, 177, 33), (157, 71, 177, 33), (246, 29, 177, 33)]"
synthetic_data_new/synthetic_image_Ubuntu-Regular_346x110.png,3,"[(95, 67, 189, 35), (3, 24, 189, 35)]"
synthetic_data_new/synthetic_image_Ubuntu-Regular_347x96.png,2,"[(44, 29, 260, 49)]"
synthetic_data_new/synthetic_image_Ubuntu-Regular_500x80.png,9,"[(96, 8, 248, 47)]"
synthetic_data_new/synthetic_image_Ubuntu-Regular_461x100.png,9,"[(35, 29, 142, 27), (246, 48, 142, 27), (4, 61, 142, 27), (204, 14, 142, 27), (28, 0, 142, 27)]"
synthetic_data_new/synthetic_image_Ubuntu-Regular_390x119.png,5,"[(31, 3, 177, 33), (170, 38, 177, 33), (119, 83, 177, 33), (211, 4, 177, 33)]"
synthetic_data_new/synthetic_image_Ubuntu-Regular_386x90.png,8,"[(6, 43, 218, 41), (67, 0, 218, 41)]"
synthetic_data_new/synthetic_image_Ubuntu-Regular_343x109.png,8,"[(188, 72, 142, 27), (199, 32, 142, 27), (16, 25, 142, 27), (187, 2, 142, 27), (23, 66, 142, 27)]"
synthetic_data_new/synthetic_image_Ubuntu-Regular_311x94.png,7,"[(22, 16, 224, 42)]"
synthetic_data_new/synthetic_image_Ubuntu-Regular_375x97.png,10,"[(94, 21, 242, 46)]"
synthetic_data_new/synthetic_image_Ubuntu-Regular_472x94.png,5,"[(81, 31, 212, 40)]"
synthetic_data_new/synthetic_image_Ubuntu-Regular_481x115.png,4,"[(242, 29, 236, 44), (1, 22, 236, 44), (1, 71, 236, 44)]"
synthetic_data_new/synthetic_image_Ubuntu-Regular_324x102.png,9,"[(171, 45, 142, 27), (79, 5, 142, 27), (156, 75, 142, 27), (11, 57, 142, 27)]"
synthetic_data_new/synthetic_image_Ubuntu-Regular_466x117.png,1,"[(20, 49, 183, 34)]"
synthetic_data_new/synthetic_image_Ubuntu-Regular_473x98.png,10,"[(19, 34, 277, 51)]"
synthetic_data_new/synthetic_image_Ubuntu-Regular_374x107.png,3,"[(30, 51, 254, 48), (109, 1, 254, 48)]"
synthetic_data_new/synthetic_image_Ubuntu-Regular_448x96.png,1,"[(186, 21, 230, 43)]"
synthetic_data_new/synthetic_image_Ubuntu-Regular_438x114.png,2,"[(262, 27, 159, 30), (157, 65, 159, 30)]"
synthetic_data_new/synthetic_image_Ubuntu-Regular_376x95.png,5,"[(94, 6, 195, 36), (117, 58, 195, 36)]"
synthetic_data_new/synthetic_image_Ubuntu-Regular_301x100.png,6,"[(114, 27, 147, 28), (116, 67, 147, 28)]"
synthetic_data_new/synthetic_image_Ubuntu-Regular_304x115.png,9,"[(59, 16, 189, 35), (41, 68, 189, 35)]"
synthetic_data_new/synthetic_image_Ubuntu-Regular_308x117.png,8,"[(37, 40, 189, 35), (90, 2, 189, 35), (58, 82, 189, 35)]"
synthetic_data_new/synthetic_image_Ubuntu-Regular_360x89.png,10,"[(134, 45, 147, 28), (187, 9, 147, 28), (20, 13, 147, 28)]"
synthetic_data_new/synthetic_image_Ubuntu-Regular_347x99.png,6,"[(84, 10, 165, 31), (27, 46, 165, 31)]"
synthetic_data_new/synthetic_image_Ubuntu-Regular_304x100.png,6,"[(11, 14, 277, 51)]"
synthetic_data_new/synthetic_image_Ubuntu-Regular_386x103.png,1,"[(58, 22, 242, 46)]"
synthetic_data_new/synthetic_image_Ubuntu-Regular_332x114.png,2,"[(74, 35, 201, 37), (109, 75, 201, 37)]"
synthetic_data_new/synthetic_image_Ubuntu-Regular_414x102.png,7,"[(64, 48, 277, 51)]"
synthetic_data_new/synthetic_image_Ubuntu-Regular_315x81.png,1,"[(11, 22, 189, 35)]"
synthetic_data_new/synthetic_image_Ubuntu-Regular_437x106.png,6,"[(272, 39, 153, 29), (25, 30, 153, 29), (23, 69, 153, 29), (79, 0, 153, 29), (180, 77, 153, 29), (271, 9, 153, 29)]"
synthetic_data_new/synthetic_image_Ubuntu-Regular_492x80.png,4,"[(323, 41, 153, 29), (95, 38, 153, 29), (53, 6, 153, 29), (329, 10, 153, 29)]"
synthetic_data_new/synthetic_image_Ubuntu-Regular_322x94.png,7,"[(148, 17, 153, 29), (27, 56, 153, 29)]"
synthetic_data_new/synthetic_image_Ubuntu-Regular_459x107.png,3,"[(302, 60, 142, 27), (250, 20, 142, 27), (56, 65, 142, 27)]"
synthetic_data_new/synthetic_image_Ubuntu-Regular_451x105.png,2,"[(159, 9, 248, 47), (62, 58, 248, 47)]"
synthetic_data_new/synthetic_image_Ubuntu-Regular_434x110.png,2,"[(34, 55, 283, 53), (64, 0, 283, 53)]"
synthetic_data_new/synthetic_image_Ubuntu-Regular_416x94.png,2,"[(121, 18, 271, 50)]"
synthetic_data_new/synthetic_image_Ubuntu-Regular_332x85.png,7,"[(11, 31, 277, 51)]"
synthetic_data_new/synthetic_image_Ubuntu-Regular_463x82.png,1,"[(68, 4, 260, 49)]"
synthetic_data_new/synthetic_image_Ubuntu-Regular_383x91.png,2,"[(50, 32, 242, 46)]"
synthetic_data_new/synthetic_image_Ubuntu-Regular_371x120.png,4,"[(92, 52, 271, 50), (75, 0, 271, 50)]"
synthetic_data_new/synthetic_image_Ubuntu-Regular_481x85.png,10,"[(49, 18, 277, 51)]"
synthetic_data_new/synthetic_image_Ubuntu-Regular_491x109.png,2,"[(42, 65, 218, 41), (78, 11, 218, 41)]"
synthetic_data_new/synthetic_image_Ubuntu-Regular_454x95.png,4,"[(25, 52, 183, 34), (238, 16, 183, 34), (28, 4, 183, 34), (228, 59, 183, 34)]"
synthetic_data_new/synthetic_image_Ubuntu-Regular_397x88.png,10,"[(113, 51, 201, 37), (32, 12, 201, 37)]"
synthetic_data_new/synthetic_image_Ubuntu-Regular_423x85.png,1,"[(116, 35, 171, 33)]"
synthetic_data_new/synthetic_image_Ubuntu-Regular_411x87.png,6,"[(87, 28, 218, 41)]"
synthetic_data_new/synthetic_image_Ubuntu-Regular_341x102.png,10,"[(129, 31, 206, 39)]"
synthetic_data_new/synthetic_image_Ubuntu-Regular_339x100.png,5,"[(175, 21, 153, 29), (20, 29, 153, 29), (184, 70, 153, 29), (30, 70, 153, 29)]"
synthetic_data_new/synthetic_image_Ubuntu-Regular_427x110.png,4,"[(26, 4, 277, 51), (61, 59, 277, 51)]"
synthetic_data_new/synthetic_image_Ubuntu-Regular_350x117.png,5,"[(94, 51, 248, 47), (61, 0, 248, 47)]"
synthetic_data_new/synthetic_image_Ubuntu-Regular_401x97.png,8,"[(113, 15, 224, 42)]"
synthetic_data_new/synthetic_image_Ubuntu-Regular_401x102.png,9,"[(163, 2, 165, 31), (131, 58, 165, 31)]"
synthetic_data_new/synthetic_image_Ubuntu-Regular_370x111.png,9,"[(30, 17, 254, 48)]"
synthetic_data_new/synthetic_image_Ubuntu-Regular_346x118.png,5,"[(28, 29, 265, 49)]"
synthetic_data_new/synthetic_image_Ubuntu-Regular_371x107.png,6,"[(43, 28, 147, 28), (13, 65, 147, 28), (197, 78, 147, 28), (203, 40, 147, 28), (213, 1, 147, 28)]"
synthetic_data_new/synthetic_image_Ubuntu-Regular_421x96.png,3,"[(30, 32, 260, 49)]"
synthetic_data_new/synthetic_image_Ubuntu-Regular_314x102.png,10,"[(20, 16, 224, 42), (39, 60, 224, 42)]"
synthetic_data_new/synthetic_image_Ubuntu-Regular_496x102.png,1,"[(208, 34, 254, 48)]"
synthetic_data_new/synthetic_image_Ubuntu-Regular_402x88.png,2,"[(101, 41, 195, 36), (141, 3, 195, 36)]"
synthetic_data_new/synthetic_image_Ubuntu-Regular_315x88.png,9,"[(29, 0, 271, 50)]"
synthetic_data_new/synthetic_image_Ubuntu-Regular_408x90.png,7,"[(91, 19, 159, 30), (233, 56, 159, 30), (49, 50, 159, 30)]"
synthetic_data_new/synthetic_image_Ubuntu-Regular_326x103.png,9,"[(141, 5, 171, 33), (33, 42, 171, 33)]"
synthetic_data_new/synthetic_image_Ubuntu-Regular_335x100.png,4,"[(23, 36, 277, 51)]"
synthetic_data_new/synthetic_image_Ubuntu-Regular_310x117.png,4,"[(24, 41, 195, 36), (87, 0, 195, 36), (54, 80, 195, 36)]"
synthetic_data_new/synthetic_image_Ubuntu-Regular_338x82.png,7,"[(14, 32, 224, 42)]"
synthetic_data_new/synthetic_image_Ubuntu-Regular_468x118.png,7,"[(151, 1, 242, 46), (9, 68, 242, 46)]"
synthetic_data_new/synthetic_image_Ubuntu-Regular_314x119.png,6,"[(4, 55, 242, 46), (57, 7, 242, 46)]"
synthetic_data_new/synthetic_image_Ubuntu-Regular_433x83.png,10,"[(48, 29, 212, 40)]"
synthetic_data_new/synthetic_image_Ubuntu-Regular_370x92.png,8,"[(18, 52, 153, 29), (30, 15, 153, 29), (176, 63, 153, 29), (193, 27, 153, 29)]"
synthetic_data_new/synthetic_image_Ubuntu-Regular_356x120.png,3,"[(200, 4, 153, 29), (89, 78, 153, 29), (143, 47, 153, 29)]"
synthetic_data_new/synthetic_image_Ubuntu-Regular_379x109.png,7,"[(31, 3, 224, 42), (42, 65, 224, 42)]"
synthetic_data_new/synthetic_image_Ubuntu-Regular_437x89.png,2,"[(104, 12, 230, 43)]"
synthetic_data_new/synthetic_image_Ubuntu-Regular_323x118.png,1,"[(13, 69, 242, 46)]"
synthetic_data_new/synthetic_image_Ubuntu-Regular_398x110.png,9,"[(11, 32, 206, 39)]"
synthetic_data_new/synthetic_image_Ubuntu-Regular_305x117.png,1,"[(43, 25, 224, 42)]"
synthetic_data_new/synthetic_image_Ubuntu-Regular_475x101.png,7,"[(240, 16, 224, 42), (11, 13, 224, 42), (144, 59, 224, 42)]"
synthetic_data_new/synthetic_image_Ubuntu-Regular_375x91.png,3,"[(92, 30, 206, 39)]"
synthetic_data_new/synthetic_image_Ubuntu-Regular_337x90.png,8,"[(12, 0, 277, 51)]"
synthetic_data_new/synthetic_image_Ubuntu-Regular_445x80.png,1,"[(183, 7, 254, 48)]"
synthetic_data_new/synthetic_image_Ubuntu-Regular_467x109.png,3,"[(138, 17, 159, 30), (1, 71, 159, 30), (205, 74, 159, 30)]"
synthetic_data_new/synthetic_image_Ubuntu-Regular_386x118.png,2,"[(152, 71, 218, 41), (21, 21, 218, 41)]"
synthetic_data_new/synthetic_image_Ubuntu-Regular_396x88.png,8,"[(113, 21, 248, 47)]"
synthetic_data_new/synthetic_image_Ubuntu-Regular_370x88.png,3,"[(18, 6, 283, 53)]"
synthetic_data_new/synthetic_image_Ubuntu-Regular_360x115.png,9,"[(117, 50, 242, 46), (77, 0, 242, 46)]"
synthetic_data_new/synthetic_image_Ubuntu-Regular_466x114.png,4,"[(61, 73, 165, 31), (25, 32, 165, 31), (232, 80, 165, 31), (200, 20, 165, 31)]"
synthetic_data_new/synthetic_image_Ubuntu-Regular_357x111.png,3,"[(104, 43, 230, 43)]"
synthetic_data_new/synthetic_image_Ubuntu-Regular_465x81.png,9,"[(83, 14, 265, 49)]"
synthetic_data_new/synthetic_image_Ubuntu-Regular_483x116.png,8,"[(181, 48, 224, 42), (82, 5, 224, 42)]"
synthetic_data_new/synthetic_image_Ubuntu-Regular_324x81.png,8,"[(53, 28, 201, 37)]"
synthetic_data_new/synthetic_image_Ubuntu-Regular_355x104.png,9,"[(27, 32, 236, 44)]"
synthetic_data_new/synthetic_image_Ubuntu-Regular_456x120.png,3,"[(2, 61, 218, 41), (191, 3, 218, 41), (222, 76, 218, 41)]"
synthetic_data_new/synthetic_image_Ubuntu-Regular_331x84.png,6,"[(132, 42, 171, 33), (63, 1, 171, 33)]"
synthetic_data_new/synthetic_image_Ubuntu-Regular_487x106.png,10,"[(277, 64, 195, 36), (60, 32, 195, 36), (283, 5, 195, 36), (64, 69, 195, 36)]"
synthetic_data_new/synthetic_image_Ubuntu-Regular_447x113.png,7,"[(121, 16, 260, 49)]"
synthetic_data_new/synthetic_image_Ubuntu-Regular_389x94.png,3,"[(115, 38, 224, 42)]"
synthetic_data_new/synthetic_image_Ubuntu-Regular_391x105.png,7,"[(121, 34, 218, 41)]"
synthetic_data_new/synthetic_image_PTSerif-Regular_337x83.png,8,"[(34, 19, 199, 42)]"
synthetic_data_new/synthetic_image_PTSerif-Regular_437x81.png,1,"[(92, 6, 246, 52)]"
synthetic_data_new/synthetic_image_PTSerif-Regular_483x106.png,10,"[(132, 57, 164, 35), (194, 19, 164, 35), (299, 68, 164, 35), (4, 4, 164, 35)]"
synthetic_data_new/synthetic_image_PTSerif-Regular_490x89.png,9,"[(147, 43, 147, 31), (314, 56, 147, 31), (151, 8, 147, 31), (314, 13, 147, 31), (0, 2, 147, 31)]"
synthetic_data_new/synthetic_image_PTSerif-Regular_356x81.png,5,"[(18, 18, 270, 56)]"
synthetic_data_new/synthetic_image_PTSerif-Regular_480x117.png,5,"[(196, 41, 211, 44)]"
synthetic_data_new/synthetic_image_PTSerif-Regular_496x111.png,4,"[(47, 18, 234, 49)]"
synthetic_data_new/synthetic_image_PTSerif-Regular_484x98.png,3,"[(276, 39, 158, 34), (95, 51, 158, 34), (30, 4, 158, 34)]"
synthetic_data_new/synthetic_image_PTSerif-Regular_454x92.png,8,"[(221, 25, 223, 47)]"
synthetic_data_new/synthetic_image_PTSerif-Regular_367x118.png,5,"[(6, 43, 246, 52)]"
synthetic_data_new/synthetic_image_PTSerif-Regular_356x98.png,2,"[(30, 17, 211, 44)]"
synthetic_data_new/synthetic_image_PTSerif-Regular_470x110.png,5,"[(153, 56, 158, 34), (192, 13, 158, 34), (18, 7, 158, 34), (312, 68, 158, 34)]"
synthetic_data_new/synthetic_image_PTSerif-Regular_421x108.png,6,"[(98, 12, 270, 56)]"
synthetic_data_new/synthetic_image_PTSerif-Regular_440x91.png,9,"[(20, 52, 158, 34), (3, 15, 158, 34), (187, 36, 158, 34), (265, 0, 158, 34)]"
synthetic_data_new/synthetic_image_PTSerif-Regular_426x95.png,8,"[(45, 8, 240, 51)]"
synthetic_data_new/synthetic_image_PTSerif-Regular_414x98.png,6,"[(102, 40, 270, 56)]"
synthetic_data_new/synthetic_image_PTSerif-Regular_425x102.png,2,"[(38, 50, 141, 29), (34, 8, 141, 29)]"
synthetic_data_new/synthetic_image_PTSerif-Regular_419x119.png,9,"[(93, 43, 205, 43)]"
synthetic_data_new/synthetic_image_PTSerif-Regular_470x83.png,6,"[(101, 1, 147, 31), (10, 49, 147, 31), (255, 39, 147, 31), (266, 3, 147, 31)]"
synthetic_data_new/synthetic_image_PTSerif-Regular_362x113.png,8,"[(28, 67, 147, 31), (187, 9, 147, 31), (201, 57, 147, 31), (32, 22, 147, 31)]"
synthetic_data_new/synthetic_image_PTSerif-Regular_423x97.png,1,"[(143, 24, 229, 48)]"
synthetic_data_new/synthetic_image_PTSerif-Regular_421x120.png,10,"[(145, 2, 246, 52), (61, 64, 246, 52)]"
synthetic_data_new/synthetic_image_PTSerif-Regular_349x101.png,3,"[(157, 2, 170, 36), (86, 47, 170, 36)]"
synthetic_data_new/synthetic_image_PTSerif-Regular_493x89.png,9,"[(42, 27, 246, 52)]"
synthetic_data_new/synthetic_image_PTSerif-Regular_491x94.png,4,"[(111, 24, 211, 44)]"
synthetic_data_new/synthetic_image_PTSerif-Regular_326x85.png,8,"[(135, 0, 141, 29), (130, 56, 141, 29)]"
synthetic_data_new/synthetic_image_PTSerif-Regular_445x105.png,5,"[(129, 3, 223, 47), (34, 52, 223, 47)]"
synthetic_data_new/synthetic_image_PTSerif-Regular_337x82.png,7,"[(28, 14, 205, 43)]"
synthetic_data_new/synthetic_image_PTSerif-Regular_339x86.png,7,"[(6, 10, 182, 38)]"
synthetic_data_new/synthetic_image_PTSerif-Regular_412x102.png,4,"[(60, 43, 275, 57)]"
synthetic_data_new/synthetic_image_PTSerif-Regular_437x113.png,2,"[(128, 34, 223, 47)]"
synthetic_data_new/synthetic_image_PTSerif-Regular_318x109.png,9,"[(21, 34, 275, 57)]"
synthetic_data_new/synthetic_image_PTSerif-Regular_415x119.png,5,"[(201, 63, 158, 34), (85, 23, 158, 34), (11, 85, 158, 34), (251, 25, 158, 34)]"
synthetic_data_new/synthetic_image_PTSerif-Regular_480x91.png,9,"[(35, 17, 246, 52)]"
synthetic_data_new/synthetic_image_PTSerif-Regular_444x107.png,10,"[(11, 29, 199, 42), (237, 2, 199, 42), (227, 50, 199, 42)]"
synthetic_data_new/synthetic_image_PTSerif-Regular_321x109.png,6,"[(127, 40, 147, 31), (115, 74, 147, 31), (105, 2, 147, 31)]"
synthetic_data_new/synthetic_image_PTSerif-Regular_475x102.png,2,"[(206, 57, 182, 38), (190, 11, 182, 38)]"
synthetic_data_new/synthetic_image_PTSerif-Regular_359x99.png,7,"[(20, 20, 223, 47)]"
synthetic_data_new/synthetic_image_PTSerif-Regular_320x109.png,7,"[(46, 31, 264, 55)]"
synthetic_data_new/synthetic_image_PTSerif-Regular_302x114.png,5,"[(114, 8, 152, 33), (15, 46, 152, 33), (46, 80, 152, 33)]"
synthetic_data_new/synthetic_image_PTSerif-Regular_435x95.png,5,"[(106, 13, 275, 57)]"
synthetic_data_new/synthetic_image_PTSerif-Regular_458x118.png,3,"[(166, 35, 188, 40), (157, 76, 188, 40)]"
synthetic_data_new/synthetic_image_PTSerif-Regular_487x93.png,3,"[(24, 3, 258, 54)]"
synthetic_data_new/synthetic_image_PTSerif-Regular_371x85.png,5,"[(178, 2, 193, 41), (124, 44, 193, 41)]"
synthetic_data_new/synthetic_image_PTSerif-Regular_358x99.png,1,"[(199, 55, 158, 34)]"
synthetic_data_new/synthetic_image_PTSerif-Regular_386x82.png,7,"[(87, 11, 281, 59)]"
synthetic_data_new/synthetic_image_PTSerif-Regular_431x90.png,10,"[(210, 32, 188, 40), (2, 26, 188, 40)]"
synthetic_data_new/synthetic_image_PTSerif-Regular_346x85.png,10,"[(61, 50, 141, 29), (29, 14, 141, 29), (198, 20, 141, 29), (203, 50, 141, 29)]"
synthetic_data_new/synthetic_image_PTSerif-Regular_498x94.png,2,"[(87, 2, 258, 54)]"
synthetic_data_new/synthetic_image_PTSerif-Regular_353x115.png,7,"[(32, 13, 170, 36), (7, 75, 170, 36), (178, 60, 170, 36)]"
synthetic_data_new/synthetic_image_PTSerif-Regular_381x114.png,7,"[(80, 37, 164, 35), (95, 76, 164, 35), (179, 0, 164, 35), (10, 1, 164, 35)]"
synthetic_data_new/synthetic_image_PTSerif-Regular_423x81.png,2,"[(15, 5, 199, 42), (215, 39, 199, 42)]"
synthetic_data_new/synthetic_image_PTSerif-Regular_327x84.png,4,"[(106, 14, 176, 37)]"
synthetic_data_new/synthetic_image_PTSerif-Regular_330x112.png,1,"[(118, 30, 170, 36)]"
synthetic_data_new/synthetic_image_PTSerif-Regular_388x81.png,1,"[(130, 19, 217, 45)]"
synthetic_data_new/synthetic_image_PTSerif-Regular_495x113.png,10,"[(267, 67, 193, 41), (77, 23, 193, 41), (271, 8, 193, 41), (45, 68, 193, 41)]"
synthetic_data_new/synthetic_image_PTSerif-Regular_494x99.png,3,"[(230, 10, 264, 55)]"
synthetic_data_new/synthetic_image_PTSerif-Regular_335x86.png,9,"[(45, 0, 275, 57)]"
synthetic_data_new/synthetic_image_PTSerif-Regular_404x107.png,7,"[(1, 47, 258, 54)]"
synthetic_data_new/synthetic_image_PTSerif-Regular_407x84.png,5,"[(111, 23, 188, 40)]"
synthetic_data_new/synthetic_image_PTSerif-Regular_489x118.png,7,"[(148, 31, 234, 49)]"
synthetic_data_new/synthetic_image_PTSerif-Regular_374x82.png,5,"[(51, 41, 141, 29), (29, 0, 141, 29), (203, 19, 141, 29), (208, 51, 141, 29)]"
synthetic_data_new/synthetic_image_PTSerif-Regular_430x84.png,2,"[(96, 2, 217, 45)]"
synthetic_data_new/synthetic_image_PTSerif-Regular_369x93.png,6,"[(103, 43, 141, 29), (142, 4, 141, 29)]"
synthetic_data_new/synthetic_image_PTSerif-Regular_499x118.png,3,"[(225, 49, 229, 48), (54, 0, 229, 48)]"
synthetic_data_new/synthetic_image_PTSerif-Regular_499x85.png,4,"[(158, 8, 217, 45)]"
synthetic_data_new/synthetic_image_PTSerif-Regular_423x119.png,5,"[(72, 7, 234, 49), (15, 69, 234, 49)]"
synthetic_data_new/synthetic_image_PTSerif-Regular_500x90.png,5,"[(45, 7, 252, 53)]"
synthetic_data_new/synthetic_image_PTSerif-Regular_437x90.png,7,"[(2, 5, 246, 52)]"
synthetic_data_new/synthetic_image_PTSerif-Regular_464x88.png,2,"[(293, 38, 147, 31), (28, 56, 147, 31)]"
synthetic_data_new/synthetic_image_PTSerif-Regular_497x90.png,1,"[(14, 27, 246, 52)]"
synthetic_data_new/synthetic_image_PTSerif-Regular_314x102.png,7,"[(41, 6, 258, 54)]"
synthetic_data_new/synthetic_image_PTSerif-Regular_418x85.png,4,"[(114, 21, 252, 53)]"
synthetic_data_new/synthetic_image_PTSerif-Regular_369x97.png,10,"[(94, 1, 252, 53)]"
synthetic_data_new/synthetic_image_PTSerif-Regular_414x89.png,10,"[(137, 23, 188, 40)]"
synthetic_data_new/synthetic_image_PTSerif-Regular_493x81.png,5,"[(278, 34, 188, 40), (11, 19, 188, 40)]"
synthetic_data_new/synthetic_image_PTSerif-Regular_381x83.png,8,"[(117, 25, 264, 55)]"
synthetic_data_new/synthetic_image_PTSerif-Regular_461x103.png,2,"[(6, 40, 270, 56)]"
synthetic_data_new/synthetic_image_PTSerif-Regular_322x113.png,8,"[(13, 31, 275, 57)]"
synthetic_data_new/synthetic_image_PTSerif-Regular_399x113.png,7,"[(99, 50, 170, 36), (223, 8, 170, 36), (48, 10, 170, 36)]"
synthetic_data_new/synthetic_image_PTSerif-Regular_356x105.png,4,"[(90, 35, 147, 31), (115, 74, 147, 31), (75, 2, 147, 31)]"
synthetic_data_new/synthetic_image_PTSerif-Regular_438x99.png,3,"[(25, 7, 223, 47)]"
synthetic_data_new/synthetic_image_PTSerif-Regular_356x81.png,4,"[(65, 33, 217, 45)]"
synthetic_data_new/synthetic_image_PTSerif-Regular_399x87.png,3,"[(27, 25, 270, 56)]"
synthetic_data_new/synthetic_image_PTSerif-Regular_379x80.png,3,"[(93, 19, 188, 40)]"
synthetic_data_new/synthetic_image_PTSerif-Regular_400x104.png,9,"[(43, 1, 199, 42), (166, 52, 199, 42)]"
synthetic_data_new/synthetic_image_PTSerif-Regular_366x112.png,10,"[(23, 19, 264, 55)]"
synthetic_data_new/synthetic_image_PTSerif-Regular_318x82.png,7,"[(37, 23, 275, 57)]"
synthetic_data_new/synthetic_image_PTSerif-Regular_385x88.png,1,"[(55, 19, 147, 31)]"
synthetic_data_new/synthetic_image_PTSerif-Regular_377x92.png,6,"[(27, 2, 281, 59)]"
synthetic_data_new/synthetic_image_PTSerif-Regular_300x87.png,2,"[(15, 35, 176, 37)]"
synthetic_data_new/synthetic_image_PTSerif-Regular_301x112.png,1,"[(38, 13, 246, 52)]"
synthetic_data_new/synthetic_image_PTSerif-Regular_430x117.png,1,"[(22, 46, 281, 59)]"
synthetic_data_new/synthetic_image_PTSerif-Regular_343x113.png,8,"[(57, 8, 258, 54)]"
synthetic_data_new/synthetic_image_PTSerif-Regular_426x88.png,2,"[(27, 12, 234, 49)]"
synthetic_data_new/synthetic_image_PTSerif-Regular_327x92.png,6,"[(45, 26, 258, 54)]"
synthetic_data_new/synthetic_image_PTSerif-Regular_347x103.png,6,"[(121, 11, 176, 37), (117, 52, 176, 37)]"
synthetic_data_new/synthetic_image_PTSerif-Regular_303x94.png,4,"[(135, 23, 158, 34), (115, 59, 158, 34)]"
synthetic_data_new/synthetic_image_PTSerif-Regular_312x101.png,1,"[(45, 33, 264, 55)]"
synthetic_data_new/synthetic_image_PTSerif-Regular_471x115.png,4,"[(241, 42, 193, 41), (19, 37, 193, 41)]"
synthetic_data_new/synthetic_image_DancingScript-Regular_437x89.png,3,"[(284, 45, 148, 31), (2, 55, 148, 31), (80, 0, 148, 31)]"
synthetic_data_new/synthetic_image_DancingScript-Regular_448x99.png,8,"[(85, 61, 152, 32), (238, 24, 152, 32), (39, 10, 152, 32), (263, 65, 152, 32)]"
synthetic_data_new/synthetic_image_DancingScript-Regular_322x111.png,5,"[(52, 24, 226, 48)]"
synthetic_data_new/synthetic_image_DancingScript-Regular_369x116.png,6,"[(160, 20, 192, 40), (140, 63, 192, 40)]"
synthetic_data_new/synthetic_image_DancingScript-Regular_412x105.png,9,"[(97, 36, 133, 28), (126, 71, 133, 28), (230, 0, 133, 28), (53, 6, 133, 28), (273, 75, 133, 28), (268, 37, 133, 28)]"
synthetic_data_new/synthetic_image_DancingScript-Regular_496x90.png,6,"[(320, 53, 157, 33), (272, 17, 157, 33), (97, 2, 157, 33), (40, 43, 157, 33)]"
synthetic_data_new/synthetic_image_DancingScript-Regular_430x107.png,8,"[(60, 63, 192, 40), (114, 19, 192, 40)]"
synthetic_data_new/synthetic_image_DancingScript-Regular_454x88.png,8,"[(57, 5, 123, 26), (259, 24, 123, 26), (7, 34, 123, 26), (260, 57, 123, 26), (134, 41, 123, 26)]"
synthetic_data_new/synthetic_image_DancingScript-Regular_462x113.png,1,"[(133, 13, 162, 34)]"
synthetic_data_new/synthetic_image_DancingScript-Regular_460x104.png,8,"[(49, 44, 118, 26), (140, 78, 118, 26), (291, 77, 118, 26), (260, 24, 118, 26), (136, 4, 118, 26), (17, 16, 118, 26)]"
synthetic_data_new/synthetic_image_DancingScript-Regular_383x83.png,3,"[(69, 21, 201, 42)]"
synthetic_data_new/synthetic_image_DancingScript-Regular_499x103.png,2,"[(227, 3, 230, 49), (91, 54, 230, 49)]"
synthetic_data_new/synthetic_image_DancingScript-Regular_383x80.png,6,"[(227, 7, 123, 26), (247, 42, 123, 26), (28, 47, 123, 26), (101, 8, 123, 26)]"
synthetic_data_new/synthetic_image_DancingScript-Regular_355x94.png,9,"[(169, 4, 177, 38), (106, 54, 177, 38)]"
synthetic_data_new/synthetic_image_DancingScript-Regular_435x109.png,2,"[(200, 33, 196, 41), (1, 25, 196, 41)]"
synthetic_data_new/synthetic_image_DancingScript-Regular_310x94.png,8,"[(65, 41, 148, 31), (121, 8, 148, 31)]"
synthetic_data_new/synthetic_image_DancingScript-Regular_458x117.png,5,"[(309, 39, 148, 31), (132, 24, 148, 31), (205, 81, 148, 31), (9, 65, 148, 31), (307, 2, 148, 31)]"
synthetic_data_new/synthetic_image_DancingScript-Regular_379x104.png,3,"[(17, 65, 162, 34), (70, 4, 162, 34), (183, 51, 162, 34)]"
synthetic_data_new/synthetic_image_DancingScript-Regular_320x103.png,7,"[(4, 20, 182, 39), (43, 61, 182, 39)]"
synthetic_data_new/synthetic_image_DancingScript-Regular_414x118.png,1,"[(35, 42, 196, 41)]"
synthetic_data_new/synthetic_image_DancingScript-Regular_478x100.png,8,"[(248, 14, 172, 37), (54, 7, 172, 37), (98, 54, 172, 37), (298, 61, 172, 37)]"
synthetic_data_new/synthetic_image_DancingScript-Regular_494x105.png,6,"[(58, 5, 201, 42), (193, 62, 201, 42), (271, 1, 201, 42)]"
synthetic_data_new/synthetic_image_DancingScript-Regular_477x102.png,9,"[(17, 62, 162, 34), (271, 53, 162, 34), (263, 15, 162, 34), (100, 22, 162, 34)]"
synthetic_data_new/synthetic_image_DancingScript-Regular_427x90.png,4,"[(159, 38, 127, 27), (103, 6, 127, 27), (290, 4, 127, 27), (13, 44, 127, 27)]"
synthetic_data_new/synthetic_image_DancingScript-Regular_301x116.png,7,"[(46, 46, 230, 49)]"
synthetic_data_new/synthetic_image_DancingScript-Regular_404x80.png,10,"[(107, 34, 148, 31), (64, 2, 148, 31), (220, 1, 148, 31), (256, 40, 148, 31)]"
synthetic_data_new/synthetic_image_DancingScript-Regular_408x107.png,9,"[(131, 18, 167, 35), (83, 68, 167, 35)]"
synthetic_data_new/synthetic_image_DancingScript-Regular_407x84.png,8,"[(225, 18, 182, 39), (42, 45, 182, 39), (31, 2, 182, 39)]"
synthetic_data_new/synthetic_image_DancingScript-Regular_370x98.png,2,"[(36, 47, 138, 29), (76, 7, 138, 29)]"
synthetic_data_new/synthetic_image_DancingScript-Regular_398x84.png,4,"[(55, 17, 201, 42)]"
synthetic_data_new/synthetic_image_DancingScript-Regular_455x100.png,9,"[(166, 50, 186, 39), (129, 1, 186, 39)]"
synthetic_data_new/synthetic_image_DancingScript-Regular_440x110.png,8,"[(129, 46, 177, 38), (206, 0, 177, 38), (0, 3, 177, 38)]"
synthetic_data_new/synthetic_image_DancingScript-Regular_391x109.png,5,"[(71, 50, 186, 39), (98, 2, 186, 39)]"
synthetic_data_new/synthetic_image_DancingScript-Regular_493x119.png,8,"[(224, 22, 221, 46), (100, 69, 221, 46), (0, 16, 221, 46)]"
synthetic_data_new/synthetic_image_DancingScript-Regular_313x100.png,1,"[(36, 35, 167, 35)]"
synthetic_data_new/synthetic_image_DancingScript-Regular_359x88.png,3,"[(50, 23, 148, 31), (24, 55, 148, 31), (206, 18, 148, 31)]"
synthetic_data_new/synthetic_image_DancingScript-Regular_379x95.png,6,"[(35, 27, 182, 39)]"
synthetic_data_new/synthetic_image_DancingScript-Regular_360x106.png,7,"[(56, 18, 167, 35), (168, 62, 167, 35)]"
synthetic_data_new/synthetic_image_DancingScript-Regular_330x106.png,7,"[(108, 0, 206, 43), (7, 55, 206, 43)]"
synthetic_data_new/synthetic_image_DancingScript-Regular_427x81.png,9,"[(161, 4, 177, 38), (130, 43, 177, 38)]"
synthetic_data_new/synthetic_image_DancingScript-Regular_486x82.png,5,"[(154, 18, 226, 48)]"
synthetic_data_new/synthetic_image_DancingScript-Regular_448x96.png,6,"[(76, 24, 192, 40)]"
synthetic_data_new/synthetic_image_DancingScript-Regular_452x86.png,6,"[(7, 21, 216, 45), (235, 8, 216, 45)]"
synthetic_data_new/synthetic_image_DancingScript-Regular_452x93.png,7,"[(93, 63, 118, 26), (228, 28, 118, 26), (328, 58, 118, 26), (93, 9, 118, 26), (213, 0, 118, 26), (332, 1, 118, 26)]"
synthetic_data_new/synthetic_image_DancingScript-Regular_324x86.png,1,"[(86, 2, 236, 50)]"
synthetic_data_new/synthetic_image_DancingScript-Regular_368x112.png,8,"[(109, 7, 236, 50), (118, 60, 236, 50)]"
synthetic_data_new/synthetic_image_DancingScript-Regular_324x103.png,5,"[(77, 8, 226, 48)]"
synthetic_data_new/synthetic_image_DancingScript-Regular_388x110.png,7,"[(162, 61, 196, 41), (77, 17, 196, 41)]"
synthetic_data_new/synthetic_image_DancingScript-Regular_494x80.png,7,"[(226, 15, 152, 32), (9, 10, 152, 32), (144, 48, 152, 32)]"
synthetic_data_new/synthetic_image_DancingScript-Regular_377x93.png,6,"[(30, 46, 211, 44), (117, 0, 211, 44)]"
synthetic_data_new/synthetic_image_DancingScript-Regular_331x105.png,1,"[(28, 28, 192, 40)]"
synthetic_data_new/synthetic_image_DancingScript-Regular_437x90.png,7,"[(158, 35, 172, 37)]"
synthetic_data_new/synthetic_image_DancingScript-Regular_445x92.png,9,"[(198, 37, 172, 37), (3, 7, 172, 37), (4, 46, 172, 37)]"
synthetic_data_new/synthetic_image_DancingScript-Regular_376x80.png,6,"[(51, 30, 211, 44)]"
synthetic_data_new/synthetic_image_DancingScript-Regular_369x97.png,9,"[(167, 62, 118, 26), (34, 42, 118, 26), (71, 13, 118, 26), (195, 26, 118, 26), (16, 70, 118, 26)]"
synthetic_data_new/synthetic_image_DancingScript-Regular_462x105.png,5,"[(7, 53, 221, 46), (230, 25, 221, 46)]"
synthetic_data_new/synthetic_image_DancingScript-Regular_412x103.png,5,"[(232, 13, 152, 32), (42, 32, 152, 32), (217, 64, 152, 32), (44, 65, 152, 32)]"
synthetic_data_new/synthetic_image_DancingScript-Regular_373x83.png,5,"[(151, 29, 216, 45)]"
synthetic_data_new/synthetic_image_DancingScript-Regular_495x97.png,10,"[(252, 24, 196, 41), (27, 33, 196, 41)]"
synthetic_data_new/synthetic_image_DancingScript-Regular_395x117.png,6,"[(155, 60, 133, 28), (69, 5, 133, 28), (16, 60, 133, 28), (257, 29, 133, 28)]"
synthetic_data_new/synthetic_image_DancingScript-Regular_413x119.png,4,"[(70, 26, 177, 38), (94, 81, 177, 38)]"
synthetic_data_new/synthetic_image_DancingScript-Regular_448x87.png,3,"[(105, 6, 172, 37), (223, 48, 172, 37), (26, 46, 172, 37)]"
synthetic_data_new/synthetic_image_DancingScript-Regular_468x83.png,9,"[(122, 0, 142, 30), (3, 47, 142, 30), (280, 47, 142, 30), (317, 13, 142, 30)]"
synthetic_data_new/synthetic_image_DancingScript-Regular_465x116.png,8,"[(24, 41, 142, 30), (271, 76, 142, 30), (264, 9, 142, 30), (8, 81, 142, 30), (218, 45, 142, 30), (43, 10, 142, 30)]"
synthetic_data_new/synthetic_image_DancingScript-Regular_453x117.png,7,"[(260, 42, 118, 26), (182, 72, 118, 26), (170, 13, 118, 26), (25, 32, 118, 26), (311, 3, 118, 26), (21, 75, 118, 26), (12, 2, 118, 26)]"
synthetic_data_new/synthetic_image_DancingScript-Regular_387x94.png,7,"[(163, 46, 206, 43), (29, 1, 206, 43)]"
synthetic_data_new/synthetic_image_DancingScript-Regular_387x105.png,5,"[(44, 41, 216, 45)]"
synthetic_data_new/synthetic_image_DancingScript-Regular_462x111.png,9,"[(43, 60, 236, 50), (78, 7, 236, 50)]"
synthetic_data_new/synthetic_image_DancingScript-Regular_425x81.png,6,"[(78, 17, 177, 38)]"
synthetic_data_new/synthetic_image_DancingScript-Regular_382x88.png,6,"[(123, 34, 123, 26), (222, 2, 123, 26), (243, 62, 123, 26), (64, 62, 123, 26), (50, 4, 123, 26)]"
synthetic_data_new/synthetic_image_DancingScript-Regular_400x115.png,4,"[(222, 66, 148, 31), (47, 76, 148, 31), (213, 13, 148, 31), (43, 39, 148, 31)]"
synthetic_data_new/synthetic_image_DancingScript-Regular_319x108.png,8,"[(115, 72, 148, 31), (150, 27, 148, 31), (1, 10, 148, 31)]"
synthetic_data_new/synthetic_image_DancingScript-Regular_408x102.png,3,"[(111, 28, 167, 35), (193, 64, 167, 35), (1, 67, 167, 35)]"
synthetic_data_new/synthetic_image_DancingScript-Regular_368x92.png,6,"[(19, 34, 230, 49)]"
synthetic_data_new/synthetic_image_DancingScript-Regular_388x107.png,2,"[(88, 0, 192, 40), (49, 60, 192, 40)]"
synthetic_data_new/synthetic_image_DancingScript-Regular_313x97.png,3,"[(137, 33, 152, 32), (12, 0, 152, 32)]"
synthetic_data_new/synthetic_image_DancingScript-Regular_312x98.png,4,"[(16, 0, 196, 41), (83, 54, 196, 41)]"
synthetic_data_new/synthetic_image_DancingScript-Regular_366x88.png,1,"[(15, 16, 192, 40)]"
synthetic_data_new/synthetic_image_DancingScript-Regular_389x104.png,5,"[(60, 7, 230, 49)]"
synthetic_data_new/synthetic_image_DancingScript-Regular_426x91.png,4,"[(139, 54, 142, 30), (192, 9, 142, 30), (284, 54, 142, 30), (28, 13, 142, 30)]"
synthetic_data_new/synthetic_image_DancingScript-Regular_442x108.png,7,"[(203, 57, 138, 29), (35, 22, 138, 29), (20, 66, 138, 29), (296, 7, 138, 29)]"
synthetic_data_new/synthetic_image_DancingScript-Regular_303x89.png,6,"[(119, 27, 177, 38)]"
synthetic_data_new/synthetic_image_DancingScript-Regular_477x82.png,7,"[(111, 43, 118, 26), (326, 49, 118, 26), (346, 12, 118, 26), (171, 0, 118, 26), (16, 8, 118, 26)]"
synthetic_data_new/synthetic_image_DancingScript-Regular_381x107.png,5,"[(96, 38, 230, 49)]"
synthetic_data_new/synthetic_image_DancingScript-Regular_369x89.png,6,"[(34, 25, 138, 29), (193, 12, 138, 29), (204, 50, 138, 29), (21, 57, 138, 29)]"
synthetic_data_new/synthetic_image_DancingScript-Regular_429x110.png,4,"[(218, 58, 192, 40), (38, 14, 192, 40), (15, 58, 192, 40)]"
synthetic_data_new/synthetic_image_DancingScript-Regular_312x85.png,1,"[(76, 8, 236, 50)]"
synthetic_data_new/synthetic_image_DancingScript-Regular_472x80.png,3,"[(68, 3, 201, 42), (271, 15, 201, 42)]"
synthetic_data_new/synthetic_image_DancingScript-Regular_440x98.png,7,"[(117, 21, 206, 43)]"
synthetic_data_new/synthetic_image_DancingScript-Regular_402x97.png,6,"[(81, 56, 177, 38), (28, 9, 177, 38), (222, 14, 177, 38)]"
synthetic_data_new/synthetic_image_DancingScript-Regular_459x85.png,9,"[(52, 27, 226, 48)]"
synthetic_data_new/synthetic_image_DancingScript-Regular_446x96.png,3,"[(19, 1, 216, 45), (129, 49, 216, 45)]"
synthetic_data_new/synthetic_image_DancingScript-Regular_372x86.png,6,"[(153, 20, 182, 39)]"
synthetic_data_new/synthetic_image_DancingScript-Regular_442x97.png,3,"[(157, 34, 172, 37)]"
synthetic_data_new/synthetic_image_DancingScript-Regular_306x107.png,4,"[(181, 34, 123, 26), (16, 63, 123, 26), (44, 20, 123, 26), (154, 73, 123, 26)]"
synthetic_data_new/synthetic_image_DancingScript-Regular_444x87.png,4,"[(103, 53, 118, 26), (163, 9, 118, 26), (306, 53, 118, 26), (4, 15, 118, 26)]"
synthetic_data_new/synthetic_image_DancingScript-Regular_361x100.png,3,"[(163, 46, 133, 28), (190, 10, 133, 28), (51, 9, 133, 28)]"
synthetic_data_new/synthetic_image_DancingScript-Regular_470x101.png,8,"[(50, 8, 236, 50)]"
synthetic_data_new/synthetic_image_DancingScript-Regular_311x114.png,1,"[(44, 14, 133, 28)]"
synthetic_data_new/synthetic_image_DancingScript-Regular_367x84.png,7,"[(1, 25, 226, 48)]"
synthetic_data_new/synthetic_image_Arimo-Regular_350x97.png,7,"[(10, 39, 240, 45)]"
synthetic_data_new/synthetic_image_Arimo-Regular_354x93.png,8,"[(61, 25, 165, 31), (156, 61, 165, 31)]"
synthetic_data_new/synthetic_image_Arimo-Regular_416x101.png,2,"[(30, 20, 228, 43)]"
synthetic_data_new/synthetic_image_Arimo-Regular_379x80.png,6,"[(74, 16, 200, 37)]"
synthetic_data_new/synthetic_image_Arimo-Regular_480x110.png,5,"[(205, 6, 137, 26), (336, 44, 137, 26), (78, 59, 137, 26), (281, 81, 137, 26), (57, 17, 137, 26)]"
synthetic_data_new/synthetic_image_Arimo-Regular_365x106.png,6,"[(149, 8, 205, 38), (78, 64, 205, 38)]"
synthetic_data_new/synthetic_image_Arimo-Regular_445x111.png,10,"[(111, 13, 234, 44), (172, 58, 234, 44)]"
synthetic_data_new/synthetic_image_Arimo-Regular_352x95.png,6,"[(104, 38, 137, 26), (154, 10, 137, 26), (9, 66, 137, 26), (5, 5, 137, 26), (210, 67, 137, 26)]"
synthetic_data_new/synthetic_image_Arimo-Regular_468x120.png,5,"[(118, 29, 262, 48)]"
synthetic_data_new/synthetic_image_Arimo-Regular_464x87.png,8,"[(92, 55, 171, 32), (281, 30, 171, 32), (44, 12, 171, 32)]"
synthetic_data_new/synthetic_image_Arimo-Regular_323x94.png,10,"[(24, 0, 223, 41), (97, 43, 223, 41)]"
synthetic_data_new/synthetic_image_Arimo-Regular_467x104.png,9,"[(115, 44, 171, 32), (74, 7, 171, 32), (247, 0, 171, 32), (291, 63, 171, 32)]"
synthetic_data_new/synthetic_image_Arimo-Regular_477x112.png,8,"[(37, 32, 211, 39), (266, 27, 211, 39), (104, 72, 211, 39)]"
synthetic_data_new/synthetic_image_Arimo-Regular_355x89.png,3,"[(111, 30, 234, 44)]"
synthetic_data_new/synthetic_image_Arimo-Regular_321x107.png,8,"[(151, 3, 148, 28), (12, 77, 148, 28), (46, 35, 148, 28), (172, 79, 148, 28), (1, 5, 148, 28)]"
synthetic_data_new/synthetic_image_Arimo-Regular_334x97.png,3,"[(104, 30, 183, 34)]"
synthetic_data_new/synthetic_image_Arimo-Regular_416x80.png,7,"[(10, 12, 205, 38)]"
synthetic_data_new/synthetic_image_Arimo-Regular_449x117.png,9,"[(151, 68, 217, 40), (207, 22, 217, 40)]"
synthetic_data_new/synthetic_image_Arimo-Regular_384x104.png,2,"[(33, 4, 223, 41), (141, 61, 223, 41)]"
synthetic_data_new/synthetic_image_Arimo-Regular_493x87.png,4,"[(242, 0, 188, 35), (10, 25, 188, 35), (284, 41, 188, 35)]"
synthetic_data_new/synthetic_image_Arimo-Regular_492x100.png,3,"[(92, 33, 194, 36), (295, 28, 194, 36)]"
synthetic_data_new/synthetic_image_Arimo-Regular_313x110.png,2,"[(163, 43, 148, 28), (110, 82, 148, 28)]"
synthetic_data_new/synthetic_image_Arimo-Regular_351x107.png,9,"[(154, 19, 177, 33), (110, 61, 177, 33)]"
synthetic_data_new/synthetic_image_Arimo-Regular_429x94.png,9,"[(1, 32, 262, 48)]"
synthetic_data_new/synthetic_image_Arimo-Regular_446x99.png,1,"[(66, 21, 160, 30)]"
synthetic_data_new/synthetic_image_Arimo-Regular_458x109.png,9,"[(115, 26, 228, 43)]"
synthetic_data_new/synthetic_image_Arimo-Regular_373x89.png,3,"[(56, 9, 217, 40)]"
synthetic_data_new/synthetic_image_Arimo-Regular_441x91.png,3,"[(145, 13, 154, 29), (50, 52, 154, 29), (273, 52, 154, 29)]"
synthetic_data_new/synthetic_image_Arimo-Regular_334x107.png,4,"[(103, 38, 205, 38)]"
synthetic_data_new/synthetic_image_Arimo-Regular_398x82.png,6,"[(113, 28, 205, 38)]"
synthetic_data_new/synthetic_image_Arimo-Regular_319x105.png,1,"[(16, 19, 217, 40)]"
synthetic_data_new/synthetic_image_Arimo-Regular_459x104.png,4,"[(193, 15, 223, 41), (90, 60, 223, 41)]"
synthetic_data_new/synthetic_image_Arimo-Regular_395x95.png,8,"[(106, 55, 194, 36), (5, 11, 194, 36), (201, 18, 194, 36)]"
synthetic_data_new/synthetic_image_Arimo-Regular_451x99.png,3,"[(197, 19, 200, 37), (151, 60, 200, 37)]"
synthetic_data_new/synthetic_image_Arimo-Regular_417x80.png,4,"[(121, 24, 240, 45)]"
synthetic_data_new/synthetic_image_Arimo-Regular_320x120.png,2,"[(74, 76, 205, 38), (17, 5, 205, 38)]"
synthetic_data_new/synthetic_image_Arimo-Regular_413x120.png,8,"[(99, 25, 240, 45), (55, 72, 240, 45)]"
synthetic_data_new/synthetic_image_Arimo-Regular_407x118.png,9,"[(167, 7, 200, 37), (65, 69, 200, 37)]"
synthetic_data_new/synthetic_image_Arimo-Regular_493x107.png,3,"[(229, 28, 217, 40), (9, 57, 217, 40), (3, 2, 217, 40)]"
synthetic_data_new/synthetic_image_Arimo-Regular_389x102.png,3,"[(79, 48, 268, 50)]"
synthetic_data_new/synthetic_image_Arimo-Regular_469x102.png,1,"[(169, 43, 143, 27)]"
synthetic_data_new/synthetic_image_Arimo-Regular_403x100.png,2,"[(62, 39, 148, 28), (228, 48, 148, 28)]"
synthetic_data_new/synthetic_image_Arimo-Regular_324x96.png,7,"[(69, 41, 228, 43)]"
synthetic_data_new/synthetic_image_Arimo-Regular_481x116.png,4,"[(175, 61, 268, 50), (104, 7, 268, 50)]"
synthetic_data_new/synthetic_image_Arimo-Regular_347x98.png,2,"[(11, 16, 274, 51)]"
synthetic_data_new/synthetic_image_Arimo-Regular_404x114.png,9,"[(56, 56, 234, 44), (97, 5, 234, 44)]"
synthetic_data_new/synthetic_image_Arimo-Regular_381x81.png,9,"[(97, 1, 274, 51)]"
synthetic_data_new/synthetic_image_Arimo-Regular_435x119.png,1,"[(122, 33, 274, 51)]"
synthetic_data_new/synthetic_image_Arimo-Regular_437x117.png,3,"[(225, 45, 205, 38), (59, 1, 205, 38), (4, 43, 205, 38)]"
synthetic_data_new/synthetic_image_Arimo-Regular_403x119.png,7,"[(169, 35, 223, 41), (132, 77, 223, 41)]"
synthetic_data_new/synthetic_image_Arimo-Regular_348x83.png,10,"[(136, 29, 205, 38)]"
synthetic_data_new/synthetic_image_Arimo-Regular_450x106.png,3,"[(0, 22, 200, 37), (238, 60, 200, 37), (211, 14, 200, 37)]"
synthetic_data_new/synthetic_image_Arimo-Regular_336x98.png,6,"[(46, 20, 262, 48)]"
synthetic_data_new/synthetic_image_Arimo-Regular_365x90.png,7,"[(8, 27, 211, 39)]"
synthetic_data_new/synthetic_image_Arimo-Regular_372x91.png,4,"[(106, 5, 154, 29), (62, 58, 154, 29)]"
synthetic_data_new/synthetic_image_Arimo-Regular_448x80.png,2,"[(50, 23, 160, 30), (286, 14, 160, 30)]"
synthetic_data_new/synthetic_image_Arimo-Regular_346x111.png,3,"[(71, 26, 148, 28), (80, 74, 148, 28)]"
synthetic_data_new/synthetic_image_Arimo-Regular_413x88.png,5,"[(52, 30, 251, 46)]"
synthetic_data_new/synthetic_image_Arimo-Regular_466x113.png,6,"[(73, 38, 171, 32), (284, 46, 171, 32), (262, 11, 171, 32), (53, 80, 171, 32), (265, 81, 171, 32), (29, 2, 171, 32)]"
synthetic_data_new/synthetic_image_Arimo-Regular_390x108.png,10,"[(4, 41, 177, 33), (183, 7, 177, 33), (198, 59, 177, 33), (0, 1, 177, 33)]"
synthetic_data_new/synthetic_image_Arimo-Regular_479x109.png,10,"[(323, 69, 137, 26), (181, 38, 137, 26), (80, 10, 137, 26), (337, 33, 137, 26), (105, 73, 137, 26), (270, 4, 137, 26), (19, 38, 137, 26)]"
synthetic_data_new/synthetic_image_Arimo-Regular_429x103.png,3,"[(39, 38, 188, 35), (228, 37, 188, 35), (4, 0, 188, 35)]"
synthetic_data_new/synthetic_image_Arimo-Regular_472x101.png,5,"[(102, 60, 154, 29), (231, 14, 154, 29), (316, 60, 154, 29), (59, 2, 154, 29)]"
synthetic_data_new/synthetic_image_Arimo-Regular_445x88.png,8,"[(169, 25, 200, 37)]"
synthetic_data_new/synthetic_image_Arimo-Regular_414x114.png,4,"[(155, 52, 245, 45), (62, 6, 245, 45)]"
synthetic_data_new/synthetic_image_Arimo-Regular_323x107.png,6,"[(3, 63, 188, 35), (84, 23, 188, 35)]"
synthetic_data_new/synthetic_image_Arimo-Regular_500x105.png,8,"[(38, 38, 228, 43), (271, 13, 228, 43), (270, 60, 228, 43)]"
synthetic_data_new/synthetic_image_Arimo-Regular_347x112.png,5,"[(14, 3, 183, 34), (18, 39, 183, 34), (88, 75, 183, 34)]"
synthetic_data_new/synthetic_image_Arimo-Regular_307x117.png,6,"[(18, 68, 217, 40), (56, 16, 217, 40)]"
synthetic_data_new/synthetic_image_Arimo-Regular_475x105.png,9,"[(126, 62, 177, 33), (232, 28, 177, 33), (33, 1, 177, 33)]"
synthetic_data_new/synthetic_image_Arimo-Regular_378x91.png,4,"[(84, 53, 165, 31), (98, 17, 165, 31)]"
synthetic_data_new/synthetic_image_Arimo-Regular_361x101.png,10,"[(68, 55, 194, 36), (63, 6, 194, 36)]"
synthetic_data_new/synthetic_image_Arimo-Regular_481x108.png,9,"[(204, 35, 205, 38)]"
synthetic_data_new/synthetic_image_Arimo-Regular_372x118.png,4,"[(125, 18, 234, 44), (98, 66, 234, 44)]"
synthetic_data_new/synthetic_image_Arimo-Regular_395x109.png,2,"[(43, 39, 245, 45)]"
synthetic_data_new/synthetic_image_Arimo-Regular_413x118.png,1,"[(2, 72, 171, 32)]"
synthetic_data_new/synthetic_image_Arimo-Regular_455x108.png,7,"[(127, 56, 274, 51), (6, 3, 274, 51)]"
synthetic_data_new/synthetic_image_Arimo-Regular_305x117.png,7,"[(12, 34, 251, 46)]"
synthetic_data_new/synthetic_image_Arimo-Regular_409x93.png,1,"[(207, 26, 188, 35)]"
synthetic_data_new/synthetic_image_Arimo-Regular_366x97.png,3,"[(51, 23, 251, 46)]"
synthetic_data_new/synthetic_image_Arimo-Regular_475x111.png,3,"[(39, 57, 274, 51), (183, 3, 274, 51)]"
synthetic_data_new/synthetic_image_Arimo-Regular_451x101.png,7,"[(112, 43, 251, 46)]"
synthetic_data_new/synthetic_image_Arimo-Regular_340x101.png,2,"[(63, 0, 234, 44), (92, 54, 234, 44)]"
synthetic_data_new/synthetic_image_Arimo-Regular_319x116.png,8,"[(109, 0, 205, 38), (83, 67, 205, 38)]"
synthetic_data_new/synthetic_image_Arimo-Regular_427x113.png,10,"[(13, 39, 240, 45)]"
synthetic_data_new/synthetic_image_Arimo-Regular_333x113.png,1,"[(107, 16, 137, 26)]"
synthetic_data_new/synthetic_image_Arimo-Regular_435x93.png,2,"[(218, 46, 137, 26), (58, 2, 137, 26)]"
synthetic_data_new/synthetic_image_Arimo-Regular_313x83.png,7,"[(13, 19, 234, 44)]"
synthetic_data_new/synthetic_image_Arimo-Regular_449x93.png,4,"[(87, 23, 245, 45)]"
synthetic_data_new/synthetic_image_Arimo-Regular_319x88.png,6,"[(46, 6, 205, 38), (30, 49, 205, 38)]"
synthetic_data_new/synthetic_image_Arimo-Regular_424x81.png,6,"[(100, 8, 240, 45)]"
synthetic_data_new/synthetic_image_Arimo-Regular_461x103.png,6,"[(183, 42, 217, 40), (67, 0, 217, 40)]"
synthetic_data_new/synthetic_image_Arimo-Regular_364x105.png,2,"[(65, 10, 194, 36), (150, 47, 194, 36)]"
synthetic_data_new/synthetic_image_Arimo-Regular_366x106.png,9,"[(1, 71, 177, 33), (121, 5, 177, 33), (184, 53, 177, 33)]"
synthetic_data_new/synthetic_image_Arimo-Regular_367x118.png,1,"[(64, 17, 234, 44)]"
synthetic_data_new/synthetic_image_Arimo-Regular_336x102.png,8,"[(142, 1, 183, 34), (64, 51, 183, 34)]"
synthetic_data_new/synthetic_image_Arimo-Regular_401x87.png,9,"[(129, 51, 137, 26), (24, 3, 137, 26), (252, 14, 137, 26)]"
synthetic_data_new/synthetic_image_Arimo-Regular_381x86.png,7,"[(179, 35, 200, 37)]"
synthetic_data_new/synthetic_image_Arimo-Regular_456x103.png,4,"[(67, 18, 274, 51)]"
synthetic_data_new/synthetic_image_Arimo-Regular_498x82.png,2,"[(223, 27, 177, 33), (41, 17, 177, 33)]"
synthetic_data_new/synthetic_image_NotoSans-Regular_390x90.png,7,"[(5, 48, 161, 40), (191, 7, 161, 40), (15, 2, 161, 40), (198, 49, 161, 40)]"
synthetic_data_new/synthetic_image_NotoSans-Regular_466x82.png,9,"[(179, 26, 156, 39), (13, 39, 156, 39)]"
synthetic_data_new/synthetic_image_NotoSans-Regular_310x101.png,5,"[(52, 29, 221, 54)]"
synthetic_data_new/synthetic_image_NotoSans-Regular_364x93.png,10,"[(203, 42, 120, 30), (207, 3, 120, 30), (74, 35, 120, 30), (12, 0, 120, 30)]"
synthetic_data_new/synthetic_image_NotoSans-Regular_494x103.png,2,"[(300, 20, 171, 42), (80, 9, 171, 42)]"
synthetic_data_new/synthetic_image_NotoSans-Regular_450x117.png,3,"[(184, 52, 176, 43), (56, 4, 176, 43), (273, 3, 176, 43)]"
synthetic_data_new/synthetic_image_NotoSans-Regular_310x117.png,7,"[(73, 4, 206, 50), (41, 57, 206, 50)]"
synthetic_data_new/synthetic_image_NotoSans-Regular_348x85.png,2,"[(101, 7, 241, 59)]"
synthetic_data_new/synthetic_image_NotoSans-Regular_452x108.png,8,"[(245, 7, 166, 41), (236, 66, 166, 41), (30, 53, 166, 41), (41, 4, 166, 41)]"
synthetic_data_new/synthetic_image_NotoSans-Regular_328x87.png,2,"[(151, 31, 120, 30), (6, 6, 120, 30)]"
synthetic_data_new/synthetic_image_NotoSans-Regular_372x97.png,6,"[(72, 29, 221, 54)]"
synthetic_data_new/synthetic_image_NotoSans-Regular_464x111.png,10,"[(247, 42, 196, 48), (38, 2, 196, 48), (35, 58, 196, 48)]"
synthetic_data_new/synthetic_image_NotoSans-Regular_411x85.png,10,"[(111, 25, 191, 46)]"
synthetic_data_new/synthetic_image_NotoSans-Regular_314x102.png,9,"[(50, 49, 140, 34), (56, 14, 140, 34)]"
synthetic_data_new/synthetic_image_NotoSans-Regular_469x82.png,8,"[(26, 18, 146, 35), (250, 1, 146, 35), (183, 46, 146, 35)]"
synthetic_data_new/synthetic_image_NotoSans-Regular_310x116.png,2,"[(104, 74, 156, 39), (9, 31, 156, 39)]"
synthetic_data_new/synthetic_image_NotoSans-Regular_468x99.png,3,"[(28, 19, 236, 58)]"
synthetic_data_new/synthetic_image_NotoSans-Regular_302x85.png,8,"[(55, 8, 120, 30), (99, 40, 120, 30), (177, 2, 120, 30)]"
synthetic_data_new/synthetic_image_NotoSans-Regular_372x114.png,10,"[(121, 57, 131, 32), (217, 19, 131, 32), (52, 21, 131, 32)]"
synthetic_data_new/synthetic_image_NotoSans-Regular_470x84.png,10,"[(106, 53, 120, 30), (345, 4, 120, 30), (241, 45, 120, 30), (118, 3, 120, 30)]"
synthetic_data_new/synthetic_image_NotoSans-Regular_421x83.png,6,"[(290, 11, 125, 31), (136, 20, 125, 31), (12, 52, 125, 31), (286, 43, 125, 31), (144, 52, 125, 31), (9, 4, 125, 31)]"
synthetic_data_new/synthetic_image_NotoSans-Regular_325x91.png,3,"[(57, 50, 146, 35), (107, 0, 146, 35)]"
synthetic_data_new/synthetic_image_NotoSans-Regular_397x86.png,10,"[(99, 45, 161, 40), (207, 2, 161, 40), (43, 0, 161, 40)]"
synthetic_data_new/synthetic_image_NotoSans-Regular_399x85.png,7,"[(223, 41, 161, 40), (58, 9, 161, 40), (226, 0, 161, 40)]"
synthetic_data_new/synthetic_image_NotoSans-Regular_417x87.png,9,"[(164, 12, 221, 54)]"
synthetic_data_new/synthetic_image_NotoSans-Regular_438x94.png,6,"[(27, 28, 231, 57)]"
synthetic_data_new/synthetic_image_NotoSans-Regular_346x120.png,2,"[(15, 59, 211, 51), (86, 0, 211, 51)]"
synthetic_data_new/synthetic_image_NotoSans-Regular_374x113.png,3,"[(61, 3, 146, 35), (214, 30, 146, 35), (181, 70, 146, 35)]"
synthetic_data_new/synthetic_image_NotoSans-Regular_491x86.png,6,"[(57, 2, 201, 49), (270, 29, 201, 49)]"
synthetic_data_new/synthetic_image_NotoSans-Regular_399x118.png,9,"[(188, 58, 186, 45), (100, 11, 186, 45), (0, 60, 186, 45)]"
synthetic_data_new/synthetic_image_NotoSans-Regular_321x98.png,8,"[(30, 64, 120, 30), (157, 49, 120, 30), (162, 17, 120, 30), (19, 29, 120, 30)]"
synthetic_data_new/synthetic_image_NotoSans-Regular_398x101.png,8,"[(70, 61, 125, 31), (131, 2, 125, 31), (228, 63, 125, 31), (1, 21, 125, 31), (265, 16, 125, 31)]"
synthetic_data_new/synthetic_image_NotoSans-Regular_347x112.png,6,"[(39, 56, 120, 30), (227, 25, 120, 30), (53, 5, 120, 30), (214, 60, 120, 30)]"
synthetic_data_new/synthetic_image_NotoSans-Regular_374x102.png,1,"[(201, 30, 156, 39)]"
synthetic_data_new/synthetic_image_NotoSans-Regular_485x95.png,8,"[(44, 23, 211, 51), (266, 23, 211, 51)]"
synthetic_data_new/synthetic_image_NotoSans-Regular_360x80.png,7,"[(85, 21, 201, 49)]"
synthetic_data_new/synthetic_image_NotoSans-Regular_328x110.png,2,"[(87, 68, 171, 42), (133, 21, 171, 42)]"
synthetic_data_new/synthetic_image_NotoSans-Regular_380x98.png,6,"[(39, 5, 231, 57)]"
synthetic_data_new/synthetic_image_NotoSans-Regular_414x80.png,2,"[(55, 6, 186, 45)]"
synthetic_data_new/synthetic_image_NotoSans-Regular_406x97.png,4,"[(248, 50, 146, 35), (28, 27, 146, 35), (199, 10, 146, 35)]"
synthetic_data_new/synthetic_image_NotoSans-Regular_335x112.png,6,"[(86, 19, 131, 32), (47, 59, 131, 32), (198, 69, 131, 32)]"
synthetic_data_new/synthetic_image_NotoSans-Regular_412x101.png,2,"[(22, 51, 171, 42), (76, 5, 171, 42)]"
synthetic_data_new/synthetic_image_NotoSans-Regular_368x95.png,9,"[(9, 14, 176, 43), (186, 9, 176, 43)]"
synthetic_data_new/synthetic_image_NotoSans-Regular_319x104.png,10,"[(52, 4, 125, 31), (63, 45, 125, 31), (194, 58, 125, 31), (189, 11, 125, 31)]"
synthetic_data_new/synthetic_image_NotoSans-Regular_465x114.png,3,"[(97, 11, 140, 34), (272, 74, 140, 34), (62, 78, 140, 34)]"
synthetic_data_new/synthetic_image_NotoSans-Regular_319x117.png,1,"[(152, 27, 125, 31)]"
synthetic_data_new/synthetic_image_NotoSans-Regular_337x116.png,3,"[(75, 4, 136, 33), (95, 58, 136, 33)]"
synthetic_data_new/synthetic_image_NotoSans-Regular_436x105.png,4,"[(47, 14, 206, 50)]"
synthetic_data_new/synthetic_image_NotoSans-Regular_309x108.png,3,"[(18, 35, 236, 58)]"
synthetic_data_new/synthetic_image_NotoSans-Regular_338x93.png,2,"[(105, 37, 131, 32), (98, 2, 131, 32)]"
synthetic_data_new/synthetic_image_NotoSans-Regular_335x105.png,8,"[(144, 49, 191, 46), (84, 1, 191, 46)]"
synthetic_data_new/synthetic_image_NotoSans-Regular_496x117.png,6,"[(315, 44, 120, 30), (0, 74, 120, 30), (252, 75, 120, 30), (163, 38, 120, 30), (146, 4, 120, 30), (9, 28, 120, 30)]"
synthetic_data_new/synthetic_image_NotoSans-Regular_334x106.png,8,"[(111, 23, 136, 33), (134, 64, 136, 33)]"
synthetic_data_new/synthetic_image_NotoSans-Regular_443x89.png,3,"[(260, 21, 136, 33), (96, 14, 136, 33), (66, 50, 136, 33)]"
synthetic_data_new/synthetic_image_NotoSans-Regular_443x81.png,2,"[(161, 6, 221, 54)]"
synthetic_data_new/synthetic_image_NotoSans-Regular_344x112.png,10,"[(100, 61, 211, 51), (55, 2, 211, 51)]"
synthetic_data_new/synthetic_image_NotoSans-Regular_370x90.png,3,"[(60, 40, 206, 50)]"
synthetic_data_new/synthetic_image_NotoSans-Regular_334x89.png,9,"[(34, 17, 186, 45)]"
synthetic_data_new/synthetic_image_NotoSans-Regular_390x82.png,5,"[(119, 7, 196, 48)]"
synthetic_data_new/synthetic_image_NotoSans-Regular_411x119.png,4,"[(76, 2, 151, 37), (206, 70, 151, 37), (251, 24, 151, 37), (39, 78, 151, 37)]"
synthetic_data_new/synthetic_image_NotoSans-Regular_458x92.png,8,"[(135, 16, 211, 51)]"
synthetic_data_new/synthetic_image_NotoSans-Regular_419x114.png,1,"[(7, 24, 241, 59)]"
synthetic_data_new/synthetic_image_NotoSans-Regular_433x99.png,9,"[(137, 9, 216, 52)]"
synthetic_data_new/synthetic_image_NotoSans-Regular_391x100.png,4,"[(10, 49, 196, 48), (42, 0, 196, 48)]"
synthetic_data_new/synthetic_image_NotoSans-Regular_440x111.png,7,"[(70, 51, 221, 54)]"
synthetic_data_new/synthetic_image_NotoSans-Regular_438x113.png,6,"[(184, 26, 125, 31), (313, 70, 125, 31), (63, 61, 125, 31), (58, 13, 125, 31)]"
synthetic_data_new/synthetic_image_NotoSans-Regular_492x87.png,2,"[(54, 27, 221, 54)]"
synthetic_data_new/synthetic_image_NotoSans-Regular_420x96.png,9,"[(134, 10, 211, 51)]"
synthetic_data_new/synthetic_image_NotoSans-Regular_444x80.png,5,"[(19, 24, 181, 44), (238, 3, 181, 44)]"
synthetic_data_new/synthetic_image_NotoSans-Regular_414x102.png,4,"[(195, 7, 140, 34), (145, 43, 140, 34), (46, 4, 140, 34)]"
synthetic_data_new/synthetic_image_NotoSans-Regular_324x117.png,8,"[(180, 1, 120, 30), (183, 40, 120, 30), (3, 23, 120, 30), (186, 73, 120, 30), (8, 57, 120, 30)]"
synthetic_data_new/synthetic_image_NotoSans-Regular_400x100.png,9,"[(2, 38, 211, 51)]"
synthetic_data_new/synthetic_image_NotoSans-Regular_363x97.png,2,"[(43, 62, 136, 33), (101, 0, 136, 33)]"
synthetic_data_new/synthetic_image_NotoSans-Regular_301x108.png,5,"[(144, 11, 156, 39), (17, 68, 156, 39)]"
synthetic_data_new/synthetic_image_NotoSans-Regular_473x95.png,4,"[(150, 10, 171, 42), (133, 53, 171, 42)]"
synthetic_data_new/synthetic_image_NotoSans-Regular_432x109.png,7,"[(145, 41, 176, 43)]"
synthetic_data_new/synthetic_image_NotoSans-Regular_429x119.png,4,"[(19, 34, 156, 39), (251, 72, 156, 39), (258, 9, 156, 39), (28, 79, 156, 39)]"
synthetic_data_new/synthetic_image_NotoSans-Regular_431x85.png,10,"[(1, 5, 216, 52)]"
synthetic_data_new/synthetic_image_NotoSans-Regular_487x104.png,4,"[(208, 8, 226, 55)]"
synthetic_data_new/synthetic_image_NotoSans-Regular_378x81.png,2,"[(39, 26, 140, 34), (181, 16, 140, 34)]"
synthetic_data_new/synthetic_image_NotoSans-Regular_361x112.png,7,"[(1, 68, 156, 39), (123, 12, 156, 39), (161, 63, 156, 39)]"
synthetic_data_new/synthetic_image_NotoSans-Regular_387x116.png,10,"[(119, 60, 201, 49), (103, 7, 201, 49)]"
synthetic_data_new/synthetic_image_NotoSans-Regular_489x119.png,10,"[(170, 16, 236, 58)]"
synthetic_data_new/synthetic_image_NotoSans-Regular_386x89.png,5,"[(119, 15, 236, 58)]"
synthetic_data_new/synthetic_image_NotoSans-Regular_431x118.png,9,"[(164, 47, 131, 32), (90, 0, 131, 32), (25, 52, 131, 32), (159, 84, 131, 32), (297, 70, 131, 32), (222, 3, 131, 32)]"
synthetic_data_new/synthetic_image_NotoSans-Regular_369x105.png,3,"[(72, 35, 206, 50)]"
synthetic_data_new/synthetic_image_NotoSans-Regular_428x105.png,7,"[(193, 11, 206, 50)]"
synthetic_data_new/synthetic_image_NotoSans-Regular_355x119.png,2,"[(95, 18, 241, 59)]"
synthetic_data_new/synthetic_image_NotoSans-Regular_392x119.png,4,"[(86, 34, 241, 59)]"
synthetic_data_new/synthetic_image_NotoSans-Regular_407x109.png,1,"[(254, 23, 140, 34)]"
synthetic_data_new/synthetic_image_NotoSans-Regular_350x107.png,3,"[(54, 75, 125, 31), (191, 23, 125, 31), (50, 27, 125, 31)]"
synthetic_data_new/synthetic_image_NotoSans-Regular_407x106.png,5,"[(160, 22, 216, 52)]"
synthetic_data_new/synthetic_image_NotoSans-Regular_374x96.png,1,"[(178, 0, 196, 48)]"
synthetic_data_new/synthetic_image_NotoSans-Regular_304x96.png,1,"[(57, 20, 226, 55)]"
synthetic_data_new/synthetic_image_NotoSans-Regular_472x86.png,4,"[(184, 17, 181, 44), (0, 9, 181, 44)]"
synthetic_data_new/synthetic_image_NotoSans-Regular_323x96.png,8,"[(40, 0, 221, 54)]"
synthetic_data_new/synthetic_image_NotoSans-Regular_432x116.png,8,"[(158, 45, 241, 59)]"
synthetic_data_new/synthetic_image_NotoSans-Regular_303x96.png,3,"[(79, 11, 221, 54)]"
synthetic_data_new/synthetic_image_NotoSans-Regular_453x80.png,4,"[(47, 34, 181, 44), (253, 29, 181, 44)]"
synthetic_data_new/synthetic_image_NotoSans-Regular_379x86.png,8,"[(162, 2, 191, 46)]"
synthetic_data_new/synthetic_image_PatuaOne-Regular_379x114.png,9,"[(137, 57, 148, 30), (5, 6, 148, 30), (225, 15, 148, 30)]"
synthetic_data_new/synthetic_image_PatuaOne-Regular_346x96.png,10,"[(34, 8, 193, 40), (54, 49, 193, 40)]"
synthetic_data_new/synthetic_image_PatuaOne-Regular_446x100.png,4,"[(170, 2, 216, 43), (17, 49, 216, 43)]"
synthetic_data_new/synthetic_image_PatuaOne-Regular_404x107.png,8,"[(96, 46, 256, 51)]"
synthetic_data_new/synthetic_image_PatuaOne-Regular_308x119.png,8,"[(12, 58, 273, 55), (13, 1, 273, 55)]"
synthetic_data_new/synthetic_image_PatuaOne-Regular_479x100.png,8,"[(46, 50, 199, 41), (122, 6, 199, 41), (265, 57, 199, 41)]"
synthetic_data_new/synthetic_image_PatuaOne-Regular_408x99.png,4,"[(175, 48, 154, 32), (10, 61, 154, 32), (1, 23, 154, 32), (219, 11, 154, 32)]"
synthetic_data_new/synthetic_image_PatuaOne-Regular_310x113.png,7,"[(35, 52, 222, 44), (21, 1, 222, 44)]"
synthetic_data_new/synthetic_image_PatuaOne-Regular_346x106.png,4,"[(74, 27, 154, 32), (85, 60, 154, 32)]"
synthetic_data_new/synthetic_image_PatuaOne-Regular_372x104.png,1,"[(145, 5, 193, 40)]"
synthetic_data_new/synthetic_image_PatuaOne-Regular_493x100.png,8,"[(289, 33, 182, 37), (47, 3, 182, 37), (103, 51, 182, 37)]"
synthetic_data_new/synthetic_image_PatuaOne-Regular_391x97.png,6,"[(59, 39, 261, 52)]"
synthetic_data_new/synthetic_image_PatuaOne-Regular_499x106.png,10,"[(20, 29, 273, 55)]"
synthetic_data_new/synthetic_image_PatuaOne-Regular_425x85.png,10,"[(237, 46, 171, 35), (57, 14, 171, 35), (249, 0, 171, 35), (56, 50, 171, 35)]"
synthetic_data_new/synthetic_image_PatuaOne-Regular_383x111.png,7,"[(116, 42, 165, 34), (112, 5, 165, 34), (46, 77, 165, 34)]"
synthetic_data_new/synthetic_image_PatuaOne-Regular_414x89.png,4,"[(178, 26, 193, 40)]"
synthetic_data_new/synthetic_image_PatuaOne-Regular_336x92.png,4,"[(4, 23, 171, 35)]"
synthetic_data_new/synthetic_image_PatuaOne-Regular_353x80.png,5,"[(109, 4, 227, 46)]"
synthetic_data_new/synthetic_image_PatuaOne-Regular_492x96.png,4,"[(148, 15, 233, 47)]"
synthetic_data_new/synthetic_image_PatuaOne-Regular_399x106.png,7,"[(11, 32, 239, 48)]"
synthetic_data_new/synthetic_image_PatuaOne-Regular_442x110.png,7,"[(84, 19, 154, 32), (83, 70, 154, 32), (248, 4, 154, 32), (284, 47, 154, 32)]"
synthetic_data_new/synthetic_image_PatuaOne-Regular_491x117.png,6,"[(192, 70, 154, 32), (261, 11, 154, 32), (84, 13, 154, 32), (20, 78, 154, 32)]"
synthetic_data_new/synthetic_image_PatuaOne-Regular_444x86.png,3,"[(13, 31, 267, 54)]"
synthetic_data_new/synthetic_image_PatuaOne-Regular_438x99.png,10,"[(17, 29, 136, 28), (201, 32, 136, 28), (302, 69, 136, 28), (61, 62, 136, 28), (258, 1, 136, 28), (100, 0, 136, 28)]"
synthetic_data_new/synthetic_image_PatuaOne-Regular_447x116.png,4,"[(103, 38, 182, 37), (252, 77, 182, 37), (41, 76, 182, 37), (58, 0, 182, 37)]"
synthetic_data_new/synthetic_image_PatuaOne-Regular_310x104.png,8,"[(2, 21, 171, 35), (46, 58, 171, 35)]"
synthetic_data_new/synthetic_image_PatuaOne-Regular_403x102.png,4,"[(70, 35, 261, 52)]"
synthetic_data_new/synthetic_image_PatuaOne-Regular_483x108.png,4,"[(29, 38, 171, 35), (296, 45, 171, 35), (214, 9, 171, 35)]"
synthetic_data_new/synthetic_image_PatuaOne-Regular_478x101.png,1,"[(47, 33, 227, 46)]"
synthetic_data_new/synthetic_image_PatuaOne-Regular_420x86.png,2,"[(194, 29, 142, 29), (4, 55, 142, 29)]"
synthetic_data_new/synthetic_image_PatuaOne-Regular_310x109.png,9,"[(4, 27, 216, 43)]"
synthetic_data_new/synthetic_image_PatuaOne-Regular_360x100.png,8,"[(30, 18, 227, 46)]"
synthetic_data_new/synthetic_image_PatuaOne-Regular_400x98.png,6,"[(115, 42, 233, 47)]"
synthetic_data_new/synthetic_image_PatuaOne-Regular_347x98.png,7,"[(36, 1, 239, 48), (19, 50, 239, 48)]"
synthetic_data_new/synthetic_image_PatuaOne-Regular_321x83.png,6,"[(117, 11, 182, 37)]"
synthetic_data_new/synthetic_image_PatuaOne-Regular_435x99.png,1,"[(95, 24, 273, 55)]"
synthetic_data_new/synthetic_image_PatuaOne-Regular_438x117.png,3,"[(54, 67, 205, 41), (163, 9, 205, 41)]"
synthetic_data_new/synthetic_image_PatuaOne-Regular_302x107.png,1,"[(46, 66, 188, 38)]"
synthetic_data_new/synthetic_image_PatuaOne-Regular_418x119.png,3,"[(3, 53, 188, 38), (202, 48, 188, 38), (222, 5, 188, 38)]"
synthetic_data_new/synthetic_image_PatuaOne-Regular_466x92.png,10,"[(191, 41, 256, 51)]"
synthetic_data_new/synthetic_image_PatuaOne-Regular_376x101.png,5,"[(61, 21, 193, 40)]"
synthetic_data_new/synthetic_image_PatuaOne-Regular_427x116.png,10,"[(42, 5, 267, 54), (108, 61, 267, 54)]"
synthetic_data_new/synthetic_image_PatuaOne-Regular_497x81.png,7,"[(221, 53, 136, 28), (17, 38, 136, 28), (18, 7, 136, 28), (255, 13, 136, 28)]"
synthetic_data_new/synthetic_image_PatuaOne-Regular_467x90.png,7,"[(19, 7, 193, 40), (226, 24, 193, 40), (13, 49, 193, 40)]"
synthetic_data_new/synthetic_image_PatuaOne-Regular_489x107.png,2,"[(77, 62, 199, 41), (288, 11, 199, 41)]"
synthetic_data_new/synthetic_image_PatuaOne-Regular_388x97.png,5,"[(143, 7, 148, 30), (68, 50, 148, 30), (227, 65, 148, 30)]"
synthetic_data_new/synthetic_image_PatuaOne-Regular_423x103.png,3,"[(31, 29, 256, 51)]"
synthetic_data_new/synthetic_image_PatuaOne-Regular_395x120.png,5,"[(164, 19, 154, 32), (59, 88, 154, 32), (3, 48, 154, 32), (222, 75, 154, 32)]"
synthetic_data_new/synthetic_image_PatuaOne-Regular_317x106.png,4,"[(97, 15, 136, 28), (181, 58, 136, 28), (43, 66, 136, 28)]"
synthetic_data_new/synthetic_image_PatuaOne-Regular_435x103.png,6,"[(138, 64, 159, 33), (128, 1, 159, 33)]"
synthetic_data_new/synthetic_image_PatuaOne-Regular_450x84.png,1,"[(111, 7, 244, 49)]"
synthetic_data_new/synthetic_image_PatuaOne-Regular_335x120.png,8,"[(9, 40, 227, 46)]"
synthetic_data_new/synthetic_image_PatuaOne-Regular_331x102.png,8,"[(62, 18, 165, 34), (41, 53, 165, 34)]"
synthetic_data_new/synthetic_image_PatuaOne-Regular_304x103.png,8,"[(15, 51, 233, 47), (12, 2, 233, 47)]"
synthetic_data_new/synthetic_image_PatuaOne-Regular_481x103.png,1,"[(34, 47, 261, 52)]"
synthetic_data_new/synthetic_image_PatuaOne-Regular_378x104.png,8,"[(10, 11, 210, 42), (69, 56, 210, 42)]"
synthetic_data_new/synthetic_image_PatuaOne-Regular_350x103.png,8,"[(17, 16, 216, 43), (120, 60, 216, 43)]"
synthetic_data_new/synthetic_image_PatuaOne-Regular_414x103.png,5,"[(85, 9, 227, 46), (71, 57, 227, 46)]"
synthetic_data_new/synthetic_image_PatuaOne-Regular_332x106.png,2,"[(79, 44, 233, 47)]"
synthetic_data_new/synthetic_image_PatuaOne-Regular_491x112.png,5,"[(69, 24, 244, 49)]"
synthetic_data_new/synthetic_image_PatuaOne-Regular_331x101.png,2,"[(39, 2, 210, 42), (20, 49, 210, 42)]"
synthetic_data_new/synthetic_image_PatuaOne-Regular_348x118.png,7,"[(115, 34, 227, 46)]"
synthetic_data_new/synthetic_image_PatuaOne-Regular_387x111.png,2,"[(8, 71, 193, 40), (186, 1, 193, 40)]"
synthetic_data_new/synthetic_image_PatuaOne-Regular_422x115.png,7,"[(150, 62, 159, 33), (170, 3, 159, 33), (10, 26, 159, 33)]"
synthetic_data_new/synthetic_image_PatuaOne-Regular_316x92.png,5,"[(16, 20, 239, 48)]"
synthetic_data_new/synthetic_image_PatuaOne-Regular_478x101.png,5,"[(9, 14, 256, 51)]"
synthetic_data_new/synthetic_image_PatuaOne-Regular_379x102.png,9,"[(102, 3, 233, 47), (17, 52, 233, 47)]"
synthetic_data_new/synthetic_image_PatuaOne-Regular_429x87.png,4,"[(30, 15, 239, 48)]"
synthetic_data_new/synthetic_image_PatuaOne-Regular_416x95.png,3,"[(1, 16, 233, 47)]"
synthetic_data_new/synthetic_image_PatuaOne-Regular_460x102.png,8,"[(107, 31, 176, 36), (284, 31, 176, 36)]"
synthetic_data_new/synthetic_image_PatuaOne-Regular_377x102.png,7,"[(181, 40, 171, 35), (165, 1, 171, 35), (0, 51, 171, 35)]"
synthetic_data_new/synthetic_image_PatuaOne-Regular_471x111.png,5,"[(182, 68, 216, 43), (175, 21, 216, 43)]"
synthetic_data_new/synthetic_image_PatuaOne-Regular_444x91.png,10,"[(119, 37, 250, 50)]"
synthetic_data_new/synthetic_image_PatuaOne-Regular_350x96.png,3,"[(81, 51, 136, 28), (43, 17, 136, 28), (180, 10, 136, 28)]"
synthetic_data_new/synthetic_image_PatuaOne-Regular_335x97.png,6,"[(3, 2, 216, 43), (63, 49, 216, 43)]"
synthetic_data_new/synthetic_image_PatuaOne-Regular_380x103.png,1,"[(105, 20, 261, 52)]"
synthetic_data_new/synthetic_image_PatuaOne-Regular_305x81.png,10,"[(0, 11, 244, 49)]"
synthetic_data_new/synthetic_image_PatuaOne-Regular_394x94.png,4,"[(145, 11, 159, 33), (25, 57, 159, 33), (189, 51, 159, 33)]"
synthetic_data_new/synthetic_image_PatuaOne-Regular_363x92.png,4,"[(134, 28, 154, 32)]"
synthetic_data_new/synthetic_image_PatuaOne-Regular_496x86.png,4,"[(65, 39, 199, 41), (295, 38, 199, 41)]"
synthetic_data_new/synthetic_image_PatuaOne-Regular_400x101.png,4,"[(18, 5, 136, 28), (103, 42, 136, 28), (243, 7, 136, 28), (33, 73, 136, 28)]"
synthetic_data_new/synthetic_image_PatuaOne-Regular_345x95.png,5,"[(59, 41, 256, 51)]"
synthetic_data_new/synthetic_image_PatuaOne-Regular_486x112.png,5,"[(34, 21, 256, 51)]"
synthetic_data_new/synthetic_image_PatuaOne-Regular_349x108.png,9,"[(24, 34, 165, 34), (94, 69, 165, 34)]"
synthetic_data_new/synthetic_image_PatuaOne-Regular_462x94.png,4,"[(266, 59, 171, 35), (291, 9, 171, 35), (64, 40, 171, 35), (38, 2, 171, 35)]"
synthetic_data_new/synthetic_image_PatuaOne-Regular_416x81.png,1,"[(136, 42, 165, 34)]"
synthetic_data_new/synthetic_image_PatuaOne-Regular_441x100.png,6,"[(212, 8, 210, 42), (176, 56, 210, 42)]"
synthetic_data_new/synthetic_image_PatuaOne-Regular_334x101.png,10,"[(98, 48, 216, 43), (88, 3, 216, 43)]"
synthetic_data_new/synthetic_image_PatuaOne-Regular_430x110.png,9,"[(58, 51, 227, 46), (47, 1, 227, 46)]"
synthetic_data_new/synthetic_image_PatuaOne-Regular_373x87.png,8,"[(43, 33, 233, 47)]"
synthetic_data_new/synthetic_image_PatuaOne-Regular_369x87.png,10,"[(102, 26, 244, 49)]"
synthetic_data_new/synthetic_image_PatuaOne-Regular_329x110.png,9,"[(24, 37, 136, 28), (95, 0, 136, 28), (190, 37, 136, 28), (65, 79, 136, 28)]"
synthetic_data_new/synthetic_image_PatuaOne-Regular_356x97.png,3,"[(18, 23, 148, 30), (167, 61, 148, 30), (181, 12, 148, 30)]"
synthetic_data_new/synthetic_image_PatuaOne-Regular_420x100.png,10,"[(148, 32, 182, 37)]"
synthetic_data_new/synthetic_image_PatuaOne-Regular_453x97.png,9,"[(100, 2, 176, 36), (1, 53, 176, 36), (188, 61, 176, 36), (277, 9, 176, 36)]"
synthetic_data_new/synthetic_image_PatuaOne-Regular_440x106.png,10,"[(65, 55, 239, 48), (30, 3, 239, 48)]"
synthetic_data_new/synthetic_image_PatuaOne-Regular_368x105.png,2,"[(124, 41, 171, 35), (175, 0, 171, 35)]"
synthetic_data_new/synthetic_image_PatuaOne-Regular_392x118.png,3,"[(98, 63, 233, 47), (54, 11, 233, 47)]"
synthetic_data_new/synthetic_image_PatuaOne-Regular_443x93.png,5,"[(7, 34, 256, 51)]"
synthetic_data_new/synthetic_image_PatuaOne-Regular_338x120.png,7,"[(110, 63, 205, 41), (16, 14, 205, 41)]"
